"hgvs_pro","score"
"p.Met1Ser",NA
"p.Met1Ala",NA
"p.Met1Val",0.911
"p.Met1Arg",0.978
"p.Met1Asp",NA
"p.Met1Phe",NA
"p.Met1Thr",0.965
"p.Met1Ile",0.912
"p.Met1Leu",0.807
"p.Met1Lys",0.981
"p.Met1Gly",NA
"p.Met1Tyr",NA
"p.Met1Asn",NA
"p.Met1Cys",NA
"p.Met1Pro",NA
"p.Met1Glu",NA
"p.Met1Met",NA
"p.Met1Trp",NA
"p.Met1His",NA
"p.Met1Gln",NA
"p.Met1*",NA
"p.Ala2Ser",0.199
"p.Ala2Ala",NA
"p.Ala2Val",0.157
"p.Ala2Arg",NA
"p.Ala2Asp",NA
"p.Ala2Phe",NA
"p.Ala2Thr",0.161
"p.Ala2Ile",NA
"p.Ala2Leu",NA
"p.Ala2Lys",NA
"p.Ala2Gly",0.292
"p.Ala2Tyr",NA
"p.Ala2Asn",NA
"p.Ala2Cys",NA
"p.Ala2Pro",0.423
"p.Ala2Glu",0.298
"p.Ala2Met",NA
"p.Ala2Trp",NA
"p.Ala2His",NA
"p.Ala2Gln",NA
"p.Ala2*",NA
"p.Thr3Ser",0.18
"p.Thr3Ala",0.194
"p.Thr3Val",NA
"p.Thr3Arg",0.349
"p.Thr3Asp",NA
"p.Thr3Phe",NA
"p.Thr3Thr",NA
"p.Thr3Ile",NA
"p.Thr3Leu",NA
"p.Thr3Lys",0.347
"p.Thr3Gly",NA
"p.Thr3Tyr",NA
"p.Thr3Asn",NA
"p.Thr3Cys",NA
"p.Thr3Pro",0.677
"p.Thr3Glu",NA
"p.Thr3Met",0.1
"p.Thr3Trp",NA
"p.Thr3His",NA
"p.Thr3Gln",NA
"p.Thr3*",NA
"p.Lys4Ser",NA
"p.Lys4Ala",NA
"p.Lys4Val",NA
"p.Lys4Arg",0.31
"p.Lys4Asp",NA
"p.Lys4Phe",NA
"p.Lys4Thr",0.607
"p.Lys4Ile",NA
"p.Lys4Leu",NA
"p.Lys4Lys",NA
"p.Lys4Gly",NA
"p.Lys4Tyr",NA
"p.Lys4Asn",0.72
"p.Lys4Cys",NA
"p.Lys4Pro",NA
"p.Lys4Glu",0.818
"p.Lys4Met",0.638
"p.Lys4Trp",NA
"p.Lys4His",NA
"p.Lys4Gln",0.728
"p.Lys4*",NA
"p.Ala5Ser",0.86
"p.Ala5Ala",NA
"p.Ala5Val",0.758
"p.Ala5Arg",NA
"p.Ala5Asp",0.978
"p.Ala5Phe",NA
"p.Ala5Thr",0.853
"p.Ala5Ile",NA
"p.Ala5Leu",NA
"p.Ala5Lys",NA
"p.Ala5Gly",0.828
"p.Ala5Tyr",NA
"p.Ala5Asn",NA
"p.Ala5Cys",NA
"p.Ala5Pro",0.977
"p.Ala5Glu",NA
"p.Ala5Met",NA
"p.Ala5Trp",NA
"p.Ala5His",NA
"p.Ala5Gln",NA
"p.Ala5*",NA
"p.Val6Ser",NA
"p.Val6Ala",0.864
"p.Val6Val",NA
"p.Val6Arg",NA
"p.Val6Asp",NA
"p.Val6Phe",NA
"p.Val6Thr",NA
"p.Val6Ile",NA
"p.Val6Leu",0.782
"p.Val6Lys",NA
"p.Val6Gly",0.966
"p.Val6Tyr",NA
"p.Val6Asn",NA
"p.Val6Cys",NA
"p.Val6Pro",NA
"p.Val6Glu",0.942
"p.Val6Met",0.81
"p.Val6Trp",NA
"p.Val6His",NA
"p.Val6Gln",NA
"p.Val6*",NA
"p.Cys7Ser",0.962
"p.Cys7Ala",NA
"p.Cys7Val",NA
"p.Cys7Arg",0.99
"p.Cys7Asp",NA
"p.Cys7Phe",0.992
"p.Cys7Thr",NA
"p.Cys7Ile",NA
"p.Cys7Leu",NA
"p.Cys7Lys",NA
"p.Cys7Gly",0.99
"p.Cys7Tyr",0.985
"p.Cys7Asn",NA
"p.Cys7Cys",NA
"p.Cys7Pro",NA
"p.Cys7Glu",NA
"p.Cys7Met",NA
"p.Cys7Trp",0.984
"p.Cys7His",NA
"p.Cys7Gln",NA
"p.Cys7*",NA
"p.Val8Ser",NA
"p.Val8Ala",0.701
"p.Val8Val",NA
"p.Val8Arg",NA
"p.Val8Asp",NA
"p.Val8Phe",NA
"p.Val8Thr",NA
"p.Val8Ile",NA
"p.Val8Leu",0.557
"p.Val8Lys",NA
"p.Val8Gly",0.95
"p.Val8Tyr",NA
"p.Val8Asn",NA
"p.Val8Cys",NA
"p.Val8Pro",NA
"p.Val8Glu",0.932
"p.Val8Met",0.473
"p.Val8Trp",NA
"p.Val8His",NA
"p.Val8Gln",NA
"p.Val8*",NA
"p.Leu9Ser",NA
"p.Leu9Ala",NA
"p.Leu9Val",0.463
"p.Leu9Arg",0.98
"p.Leu9Asp",NA
"p.Leu9Phe",NA
"p.Leu9Thr",NA
"p.Leu9Ile",NA
"p.Leu9Leu",NA
"p.Leu9Lys",NA
"p.Leu9Gly",NA
"p.Leu9Tyr",NA
"p.Leu9Asn",NA
"p.Leu9Cys",NA
"p.Leu9Pro",0.99
"p.Leu9Glu",NA
"p.Leu9Met",0.431
"p.Leu9Trp",NA
"p.Leu9His",NA
"p.Leu9Gln",0.97
"p.Leu9*",NA
"p.Lys10Ser",NA
"p.Lys10Ala",NA
"p.Lys10Val",NA
"p.Lys10Arg",0.217
"p.Lys10Asp",NA
"p.Lys10Phe",NA
"p.Lys10Thr",0.376
"p.Lys10Ile",NA
"p.Lys10Leu",NA
"p.Lys10Lys",NA
"p.Lys10Gly",NA
"p.Lys10Tyr",NA
"p.Lys10Asn",0.514
"p.Lys10Cys",NA
"p.Lys10Pro",NA
"p.Lys10Glu",0.795
"p.Lys10Met",0.685
"p.Lys10Trp",NA
"p.Lys10His",NA
"p.Lys10Gln",0.739
"p.Lys10*",NA
"p.Gly11Ser",0.809
"p.Gly11Ala",0.862
"p.Gly11Val",0.967
"p.Gly11Arg",0.935
"p.Gly11Asp",0.947
"p.Gly11Phe",NA
"p.Gly11Thr",NA
"p.Gly11Ile",NA
"p.Gly11Leu",NA
"p.Gly11Lys",NA
"p.Gly11Gly",NA
"p.Gly11Tyr",NA
"p.Gly11Asn",NA
"p.Gly11Cys",0.965
"p.Gly11Pro",NA
"p.Gly11Glu",NA
"p.Gly11Met",NA
"p.Gly11Trp",NA
"p.Gly11His",NA
"p.Gly11Gln",NA
"p.Gly11*",NA
"p.Asp12Ser",NA
"p.Asp12Ala",0.539
"p.Asp12Val",0.73
"p.Asp12Arg",NA
"p.Asp12Asp",NA
"p.Asp12Phe",NA
"p.Asp12Thr",NA
"p.Asp12Ile",NA
"p.Asp12Leu",NA
"p.Asp12Lys",NA
"p.Asp12Gly",0.6
"p.Asp12Tyr",0.741
"p.Asp12Asn",0.499
"p.Asp12Cys",NA
"p.Asp12Pro",NA
"p.Asp12Glu",0.189
"p.Asp12Met",NA
"p.Asp12Trp",NA
"p.Asp12His",0.743
"p.Asp12Gln",NA
"p.Asp12*",NA
"p.Gly13Ser",0.408
"p.Gly13Ala",0.508
"p.Gly13Val",0.712
"p.Gly13Arg",0.77
"p.Gly13Asp",0.635
"p.Gly13Phe",NA
"p.Gly13Thr",NA
"p.Gly13Ile",NA
"p.Gly13Leu",NA
"p.Gly13Lys",NA
"p.Gly13Gly",NA
"p.Gly13Tyr",NA
"p.Gly13Asn",NA
"p.Gly13Cys",0.966
"p.Gly13Pro",NA
"p.Gly13Glu",NA
"p.Gly13Met",NA
"p.Gly13Trp",NA
"p.Gly13His",NA
"p.Gly13Gln",NA
"p.Gly13*",NA
"p.Pro14Ser",0.19
"p.Pro14Ala",0.227
"p.Pro14Val",NA
"p.Pro14Arg",0.287
"p.Pro14Asp",NA
"p.Pro14Phe",NA
"p.Pro14Thr",0.216
"p.Pro14Ile",NA
"p.Pro14Leu",0.256
"p.Pro14Lys",NA
"p.Pro14Gly",NA
"p.Pro14Tyr",NA
"p.Pro14Asn",NA
"p.Pro14Cys",NA
"p.Pro14Pro",NA
"p.Pro14Glu",NA
"p.Pro14Met",NA
"p.Pro14Trp",NA
"p.Pro14His",NA
"p.Pro14Gln",0.206
"p.Pro14*",NA
"p.Val15Ser",NA
"p.Val15Ala",0.805
"p.Val15Val",NA
"p.Val15Arg",NA
"p.Val15Asp",NA
"p.Val15Phe",NA
"p.Val15Thr",NA
"p.Val15Ile",NA
"p.Val15Leu",0.928
"p.Val15Lys",NA
"p.Val15Gly",0.985
"p.Val15Tyr",NA
"p.Val15Asn",NA
"p.Val15Cys",NA
"p.Val15Pro",NA
"p.Val15Glu",0.982
"p.Val15Met",0.922
"p.Val15Trp",NA
"p.Val15His",NA
"p.Val15Gln",NA
"p.Val15*",NA
"p.Gln16Ser",NA
"p.Gln16Ala",NA
"p.Gln16Val",NA
"p.Gln16Arg",0.296
"p.Gln16Asp",NA
"p.Gln16Phe",NA
"p.Gln16Thr",NA
"p.Gln16Ile",NA
"p.Gln16Leu",0.475
"p.Gln16Lys",0.371
"p.Gln16Gly",NA
"p.Gln16Tyr",NA
"p.Gln16Asn",NA
"p.Gln16Cys",NA
"p.Gln16Pro",0.95
"p.Gln16Glu",0.269
"p.Gln16Met",NA
"p.Gln16Trp",NA
"p.Gln16His",0.463
"p.Gln16Gln",NA
"p.Gln16*",NA
"p.Gly17Ser",0.967
"p.Gly17Ala",0.914
"p.Gly17Val",0.983
"p.Gly17Arg",0.977
"p.Gly17Asp",0.976
"p.Gly17Phe",NA
"p.Gly17Thr",NA
"p.Gly17Ile",NA
"p.Gly17Leu",NA
"p.Gly17Lys",NA
"p.Gly17Gly",NA
"p.Gly17Tyr",NA
"p.Gly17Asn",NA
"p.Gly17Cys",0.976
"p.Gly17Pro",NA
"p.Gly17Glu",NA
"p.Gly17Met",NA
"p.Gly17Trp",NA
"p.Gly17His",NA
"p.Gly17Gln",NA
"p.Gly17*",NA
"p.Ile18Ser",0.323
"p.Ile18Ala",NA
"p.Ile18Val",0.173
"p.Ile18Arg",NA
"p.Ile18Asp",NA
"p.Ile18Phe",0.671
"p.Ile18Thr",0.194
"p.Ile18Ile",NA
"p.Ile18Leu",0.529
"p.Ile18Lys",NA
"p.Ile18Gly",NA
"p.Ile18Tyr",NA
"p.Ile18Asn",0.349
"p.Ile18Cys",NA
"p.Ile18Pro",NA
"p.Ile18Glu",NA
"p.Ile18Met",0.494
"p.Ile18Trp",NA
"p.Ile18His",NA
"p.Ile18Gln",NA
"p.Ile18*",NA
"p.Ile19Ser",0.977
"p.Ile19Ala",NA
"p.Ile19Val",0.167
"p.Ile19Arg",NA
"p.Ile19Asp",NA
"p.Ile19Phe",0.907
"p.Ile19Thr",0.912
"p.Ile19Ile",NA
"p.Ile19Leu",0.581
"p.Ile19Lys",NA
"p.Ile19Gly",NA
"p.Ile19Tyr",NA
"p.Ile19Asn",0.977
"p.Ile19Cys",NA
"p.Ile19Pro",NA
"p.Ile19Glu",NA
"p.Ile19Met",0.853
"p.Ile19Trp",NA
"p.Ile19His",NA
"p.Ile19Gln",NA
"p.Ile19*",NA
"p.Asn20Ser",0.264
"p.Asn20Ala",NA
"p.Asn20Val",NA
"p.Asn20Arg",NA
"p.Asn20Asp",0.348
"p.Asn20Phe",NA
"p.Asn20Thr",0.314
"p.Asn20Ile",0.381
"p.Asn20Leu",NA
"p.Asn20Lys",0.269
"p.Asn20Gly",NA
"p.Asn20Tyr",0.152
"p.Asn20Asn",NA
"p.Asn20Cys",NA
"p.Asn20Pro",NA
"p.Asn20Glu",NA
"p.Asn20Met",NA
"p.Asn20Trp",NA
"p.Asn20His",0.271
"p.Asn20Gln",NA
"p.Asn20*",NA
"p.Phe21Ser",0.995
"p.Phe21Ala",NA
"p.Phe21Val",0.971
"p.Phe21Arg",NA
"p.Phe21Asp",NA
"p.Phe21Phe",NA
"p.Phe21Thr",NA
"p.Phe21Ile",0.94
"p.Phe21Leu",0.913
"p.Phe21Lys",NA
"p.Phe21Gly",NA
"p.Phe21Tyr",0.964
"p.Phe21Asn",NA
"p.Phe21Cys",0.991
"p.Phe21Pro",NA
"p.Phe21Glu",NA
"p.Phe21Met",NA
"p.Phe21Trp",NA
"p.Phe21His",NA
"p.Phe21Gln",NA
"p.Phe21*",NA
"p.Glu22Ser",NA
"p.Glu22Ala",0.746
"p.Glu22Val",0.794
"p.Glu22Arg",NA
"p.Glu22Asp",0.657
"p.Glu22Phe",NA
"p.Glu22Thr",NA
"p.Glu22Ile",NA
"p.Glu22Leu",NA
"p.Glu22Lys",0.676
"p.Glu22Gly",0.921
"p.Glu22Tyr",NA
"p.Glu22Asn",NA
"p.Glu22Cys",NA
"p.Glu22Pro",NA
"p.Glu22Glu",NA
"p.Glu22Met",NA
"p.Glu22Trp",NA
"p.Glu22His",NA
"p.Glu22Gln",0.699
"p.Glu22*",NA
"p.Gln23Ser",NA
"p.Gln23Ala",NA
"p.Gln23Val",NA
"p.Gln23Arg",0.951
"p.Gln23Asp",NA
"p.Gln23Phe",NA
"p.Gln23Thr",NA
"p.Gln23Ile",NA
"p.Gln23Leu",0.957
"p.Gln23Lys",0.983
"p.Gln23Gly",NA
"p.Gln23Tyr",NA
"p.Gln23Asn",NA
"p.Gln23Cys",NA
"p.Gln23Pro",0.984
"p.Gln23Glu",0.913
"p.Gln23Met",NA
"p.Gln23Trp",NA
"p.Gln23His",0.936
"p.Gln23Gln",NA
"p.Gln23*",NA
"p.Lys24Ser",NA
"p.Lys24Ala",NA
"p.Lys24Val",NA
"p.Lys24Arg",0.5
"p.Lys24Asp",NA
"p.Lys24Phe",NA
"p.Lys24Thr",0.52
"p.Lys24Ile",NA
"p.Lys24Leu",NA
"p.Lys24Lys",NA
"p.Lys24Gly",NA
"p.Lys24Tyr",NA
"p.Lys24Asn",0.557
"p.Lys24Cys",NA
"p.Lys24Pro",NA
"p.Lys24Glu",0.398
"p.Lys24Met",0.661
"p.Lys24Trp",NA
"p.Lys24His",NA
"p.Lys24Gln",0.408
"p.Lys24*",NA
"p.Glu25Ser",NA
"p.Glu25Ala",0.238
"p.Glu25Val",0.363
"p.Glu25Arg",NA
"p.Glu25Asp",0.186
"p.Glu25Phe",NA
"p.Glu25Thr",NA
"p.Glu25Ile",NA
"p.Glu25Leu",NA
"p.Glu25Lys",0.374
"p.Glu25Gly",0.244
"p.Glu25Tyr",NA
"p.Glu25Asn",NA
"p.Glu25Cys",NA
"p.Glu25Pro",NA
"p.Glu25Glu",NA
"p.Glu25Met",NA
"p.Glu25Trp",NA
"p.Glu25His",NA
"p.Glu25Gln",0.37
"p.Glu25*",NA
"p.Ser26Ser",NA
"p.Ser26Ala",NA
"p.Ser26Val",NA
"p.Ser26Arg",0.347
"p.Ser26Asp",NA
"p.Ser26Phe",NA
"p.Ser26Thr",0.289
"p.Ser26Ile",0.254
"p.Ser26Leu",NA
"p.Ser26Lys",NA
"p.Ser26Gly",0.282
"p.Ser26Tyr",NA
"p.Ser26Asn",0.274
"p.Ser26Cys",0.335
"p.Ser26Pro",NA
"p.Ser26Glu",NA
"p.Ser26Met",NA
"p.Ser26Trp",NA
"p.Ser26His",NA
"p.Ser26Gln",NA
"p.Ser26*",NA
"p.Asn27Ser",0.206
"p.Asn27Ala",NA
"p.Asn27Val",NA
"p.Asn27Arg",NA
"p.Asn27Asp",0.478
"p.Asn27Phe",NA
"p.Asn27Thr",0.281
"p.Asn27Ile",0.759
"p.Asn27Leu",NA
"p.Asn27Lys",0.439
"p.Asn27Gly",NA
"p.Asn27Tyr",0.606
"p.Asn27Asn",NA
"p.Asn27Cys",NA
"p.Asn27Pro",NA
"p.Asn27Glu",NA
"p.Asn27Met",NA
"p.Asn27Trp",NA
"p.Asn27His",0.617
"p.Asn27Gln",NA
"p.Asn27*",NA
"p.Gly28Ser",NA
"p.Gly28Ala",0.298
"p.Gly28Val",0.793
"p.Gly28Arg",0.886
"p.Gly28Asp",NA
"p.Gly28Phe",NA
"p.Gly28Thr",NA
"p.Gly28Ile",NA
"p.Gly28Leu",NA
"p.Gly28Lys",NA
"p.Gly28Gly",NA
"p.Gly28Tyr",NA
"p.Gly28Asn",NA
"p.Gly28Cys",NA
"p.Gly28Pro",NA
"p.Gly28Glu",0.437
"p.Gly28Met",NA
"p.Gly28Trp",NA
"p.Gly28His",NA
"p.Gly28Gln",NA
"p.Gly28*",NA
"p.Pro29Ser",0.225
"p.Pro29Ala",0.184
"p.Pro29Val",NA
"p.Pro29Arg",0.389
"p.Pro29Asp",NA
"p.Pro29Phe",NA
"p.Pro29Thr",0.321
"p.Pro29Ile",NA
"p.Pro29Leu",0.311
"p.Pro29Lys",NA
"p.Pro29Gly",NA
"p.Pro29Tyr",NA
"p.Pro29Asn",NA
"p.Pro29Cys",NA
"p.Pro29Pro",NA
"p.Pro29Glu",NA
"p.Pro29Met",NA
"p.Pro29Trp",NA
"p.Pro29His",NA
"p.Pro29Gln",0.371
"p.Pro29*",NA
"p.Val30Ser",NA
"p.Val30Ala",0.892
"p.Val30Val",NA
"p.Val30Arg",NA
"p.Val30Asp",NA
"p.Val30Phe",NA
"p.Val30Thr",NA
"p.Val30Ile",NA
"p.Val30Leu",0.875
"p.Val30Lys",NA
"p.Val30Gly",0.987
"p.Val30Tyr",NA
"p.Val30Asn",NA
"p.Val30Cys",NA
"p.Val30Pro",NA
"p.Val30Glu",0.979
"p.Val30Met",0.866
"p.Val30Trp",NA
"p.Val30His",NA
"p.Val30Gln",NA
"p.Val30*",NA
"p.Lys31Ser",NA
"p.Lys31Ala",NA
"p.Lys31Val",NA
"p.Lys31Arg",0.195
"p.Lys31Asp",NA
"p.Lys31Phe",NA
"p.Lys31Thr",0.26
"p.Lys31Ile",NA
"p.Lys31Leu",NA
"p.Lys31Lys",NA
"p.Lys31Gly",NA
"p.Lys31Tyr",NA
"p.Lys31Asn",0.308
"p.Lys31Cys",NA
"p.Lys31Pro",NA
"p.Lys31Glu",0.14
"p.Lys31Met",0.264
"p.Lys31Trp",NA
"p.Lys31His",NA
"p.Lys31Gln",0.257
"p.Lys31*",NA
"p.Val32Ser",NA
"p.Val32Ala",0.709
"p.Val32Val",NA
"p.Val32Arg",NA
"p.Val32Asp",NA
"p.Val32Phe",NA
"p.Val32Thr",NA
"p.Val32Ile",NA
"p.Val32Leu",0.385
"p.Val32Lys",NA
"p.Val32Gly",0.88
"p.Val32Tyr",NA
"p.Val32Asn",NA
"p.Val32Cys",NA
"p.Val32Pro",NA
"p.Val32Glu",0.878
"p.Val32Met",0.544
"p.Val32Trp",NA
"p.Val32His",NA
"p.Val32Gln",NA
"p.Val32*",NA
"p.Trp33Ser",0.228
"p.Trp33Ala",NA
"p.Trp33Val",NA
"p.Trp33Arg",0.245
"p.Trp33Asp",NA
"p.Trp33Phe",NA
"p.Trp33Thr",NA
"p.Trp33Ile",NA
"p.Trp33Leu",0.243
"p.Trp33Lys",NA
"p.Trp33Gly",0.31
"p.Trp33Tyr",NA
"p.Trp33Asn",NA
"p.Trp33Cys",0.275
"p.Trp33Pro",NA
"p.Trp33Glu",NA
"p.Trp33Met",NA
"p.Trp33Trp",NA
"p.Trp33His",NA
"p.Trp33Gln",NA
"p.Trp33*",NA
"p.Gly34Ser",NA
"p.Gly34Ala",0.949
"p.Gly34Val",0.965
"p.Gly34Arg",0.962
"p.Gly34Asp",NA
"p.Gly34Phe",NA
"p.Gly34Thr",NA
"p.Gly34Ile",NA
"p.Gly34Leu",NA
"p.Gly34Lys",NA
"p.Gly34Gly",NA
"p.Gly34Tyr",NA
"p.Gly34Asn",NA
"p.Gly34Cys",NA
"p.Gly34Pro",NA
"p.Gly34Glu",0.985
"p.Gly34Met",NA
"p.Gly34Trp",NA
"p.Gly34His",NA
"p.Gly34Gln",NA
"p.Gly34*",NA
"p.Ser35Ser",NA
"p.Ser35Ala",NA
"p.Ser35Val",NA
"p.Ser35Arg",0.377
"p.Ser35Asp",NA
"p.Ser35Phe",NA
"p.Ser35Thr",0.334
"p.Ser35Ile",0.254
"p.Ser35Leu",NA
"p.Ser35Lys",NA
"p.Ser35Gly",0.336
"p.Ser35Tyr",NA
"p.Ser35Asn",0.298
"p.Ser35Cys",0.418
"p.Ser35Pro",NA
"p.Ser35Glu",NA
"p.Ser35Met",NA
"p.Ser35Trp",NA
"p.Ser35His",NA
"p.Ser35Gln",NA
"p.Ser35*",NA
"p.Ile36Ser",0.962
"p.Ile36Ala",NA
"p.Ile36Val",0.359
"p.Ile36Arg",NA
"p.Ile36Asp",NA
"p.Ile36Phe",0.79
"p.Ile36Thr",0.947
"p.Ile36Ile",NA
"p.Ile36Leu",0.749
"p.Ile36Lys",NA
"p.Ile36Gly",NA
"p.Ile36Tyr",NA
"p.Ile36Asn",0.972
"p.Ile36Cys",NA
"p.Ile36Pro",NA
"p.Ile36Glu",NA
"p.Ile36Met",0.949
"p.Ile36Trp",NA
"p.Ile36His",NA
"p.Ile36Gln",NA
"p.Ile36*",NA
"p.Lys37Ser",NA
"p.Lys37Ala",NA
"p.Lys37Val",NA
"p.Lys37Arg",0.12
"p.Lys37Asp",NA
"p.Lys37Phe",NA
"p.Lys37Thr",0.185
"p.Lys37Ile",0.311
"p.Lys37Leu",NA
"p.Lys37Lys",NA
"p.Lys37Gly",NA
"p.Lys37Tyr",NA
"p.Lys37Asn",0.227
"p.Lys37Cys",NA
"p.Lys37Pro",NA
"p.Lys37Glu",0.149
"p.Lys37Met",NA
"p.Lys37Trp",NA
"p.Lys37His",NA
"p.Lys37Gln",0.216
"p.Lys37*",NA
"p.Gly38Ser",NA
"p.Gly38Ala",0.964
"p.Gly38Val",0.983
"p.Gly38Arg",0.907
"p.Gly38Asp",NA
"p.Gly38Phe",NA
"p.Gly38Thr",NA
"p.Gly38Ile",NA
"p.Gly38Leu",NA
"p.Gly38Lys",NA
"p.Gly38Gly",NA
"p.Gly38Tyr",NA
"p.Gly38Asn",NA
"p.Gly38Cys",NA
"p.Gly38Pro",NA
"p.Gly38Glu",0.952
"p.Gly38Met",NA
"p.Gly38Trp",NA
"p.Gly38His",NA
"p.Gly38Gln",NA
"p.Gly38*",NA
"p.Leu39Ser",NA
"p.Leu39Ala",NA
"p.Leu39Val",0.829
"p.Leu39Arg",0.983
"p.Leu39Asp",NA
"p.Leu39Phe",NA
"p.Leu39Thr",NA
"p.Leu39Ile",NA
"p.Leu39Leu",NA
"p.Leu39Lys",NA
"p.Leu39Gly",NA
"p.Leu39Tyr",NA
"p.Leu39Asn",NA
"p.Leu39Cys",NA
"p.Leu39Pro",0.984
"p.Leu39Glu",NA
"p.Leu39Met",0.844
"p.Leu39Trp",NA
"p.Leu39His",NA
"p.Leu39Gln",0.977
"p.Leu39*",NA
"p.Thr40Ser",0.233
"p.Thr40Ala",0.199
"p.Thr40Val",NA
"p.Thr40Arg",NA
"p.Thr40Asp",NA
"p.Thr40Phe",NA
"p.Thr40Thr",NA
"p.Thr40Ile",0.5
"p.Thr40Leu",NA
"p.Thr40Lys",NA
"p.Thr40Gly",NA
"p.Thr40Tyr",NA
"p.Thr40Asn",0.438
"p.Thr40Cys",NA
"p.Thr40Pro",0.718
"p.Thr40Glu",NA
"p.Thr40Met",NA
"p.Thr40Trp",NA
"p.Thr40His",NA
"p.Thr40Gln",NA
"p.Thr40*",NA
"p.Glu41Ser",NA
"p.Glu41Ala",0.547
"p.Glu41Val",0.676
"p.Glu41Arg",NA
"p.Glu41Asp",0.294
"p.Glu41Phe",NA
"p.Glu41Thr",NA
"p.Glu41Ile",NA
"p.Glu41Leu",NA
"p.Glu41Lys",0.274
"p.Glu41Gly",0.499
"p.Glu41Tyr",NA
"p.Glu41Asn",NA
"p.Glu41Cys",NA
"p.Glu41Pro",NA
"p.Glu41Glu",NA
"p.Glu41Met",NA
"p.Glu41Trp",NA
"p.Glu41His",NA
"p.Glu41Gln",0.351
"p.Glu41*",NA
"p.Gly42Ser",0.897
"p.Gly42Ala",0.881
"p.Gly42Val",0.991
"p.Gly42Arg",0.949
"p.Gly42Asp",0.962
"p.Gly42Phe",NA
"p.Gly42Thr",NA
"p.Gly42Ile",NA
"p.Gly42Leu",NA
"p.Gly42Lys",NA
"p.Gly42Gly",NA
"p.Gly42Tyr",NA
"p.Gly42Asn",NA
"p.Gly42Cys",0.986
"p.Gly42Pro",NA
"p.Gly42Glu",NA
"p.Gly42Met",NA
"p.Gly42Trp",NA
"p.Gly42His",NA
"p.Gly42Gln",NA
"p.Gly42*",NA
"p.Leu43Ser",NA
"p.Leu43Ala",NA
"p.Leu43Val",0.178
"p.Leu43Arg",0.211
"p.Leu43Asp",NA
"p.Leu43Phe",NA
"p.Leu43Thr",NA
"p.Leu43Ile",NA
"p.Leu43Leu",NA
"p.Leu43Lys",NA
"p.Leu43Gly",NA
"p.Leu43Tyr",NA
"p.Leu43Asn",NA
"p.Leu43Cys",NA
"p.Leu43Pro",0.644
"p.Leu43Glu",NA
"p.Leu43Met",0.259
"p.Leu43Trp",NA
"p.Leu43His",NA
"p.Leu43Gln",0.225
"p.Leu43*",NA
"p.His44Ser",NA
"p.His44Ala",NA
"p.His44Val",NA
"p.His44Arg",0.917
"p.His44Asp",0.993
"p.His44Phe",NA
"p.His44Thr",NA
"p.His44Ile",NA
"p.His44Leu",0.964
"p.His44Lys",NA
"p.His44Gly",NA
"p.His44Tyr",0.916
"p.His44Asn",0.984
"p.His44Cys",NA
"p.His44Pro",0.991
"p.His44Glu",NA
"p.His44Met",NA
"p.His44Trp",NA
"p.His44His",NA
"p.His44Gln",0.98
"p.His44*",NA
"p.Gly45Ser",NA
"p.Gly45Ala",0.969
"p.Gly45Val",0.994
"p.Gly45Arg",0.983
"p.Gly45Asp",NA
"p.Gly45Phe",NA
"p.Gly45Thr",NA
"p.Gly45Ile",NA
"p.Gly45Leu",NA
"p.Gly45Lys",NA
"p.Gly45Gly",NA
"p.Gly45Tyr",NA
"p.Gly45Asn",NA
"p.Gly45Cys",NA
"p.Gly45Pro",NA
"p.Gly45Glu",0.992
"p.Gly45Met",NA
"p.Gly45Trp",NA
"p.Gly45His",NA
"p.Gly45Gln",NA
"p.Gly45*",NA
"p.Phe46Ser",0.989
"p.Phe46Ala",NA
"p.Phe46Val",0.973
"p.Phe46Arg",NA
"p.Phe46Asp",NA
"p.Phe46Phe",NA
"p.Phe46Thr",NA
"p.Phe46Ile",0.96
"p.Phe46Leu",0.956
"p.Phe46Lys",NA
"p.Phe46Gly",NA
"p.Phe46Tyr",0.903
"p.Phe46Asn",NA
"p.Phe46Cys",0.966
"p.Phe46Pro",NA
"p.Phe46Glu",NA
"p.Phe46Met",NA
"p.Phe46Trp",NA
"p.Phe46His",NA
"p.Phe46Gln",NA
"p.Phe46*",NA
"p.His47Ser",NA
"p.His47Ala",NA
"p.His47Val",NA
"p.His47Arg",0.985
"p.His47Asp",0.992
"p.His47Phe",NA
"p.His47Thr",NA
"p.His47Ile",NA
"p.His47Leu",0.99
"p.His47Lys",NA
"p.His47Gly",NA
"p.His47Tyr",0.975
"p.His47Asn",0.976
"p.His47Cys",NA
"p.His47Pro",0.995
"p.His47Glu",NA
"p.His47Met",NA
"p.His47Trp",NA
"p.His47His",NA
"p.His47Gln",0.953
"p.His47*",NA
"p.Val48Ser",NA
"p.Val48Ala",0.937
"p.Val48Val",NA
"p.Val48Arg",NA
"p.Val48Asp",0.995
"p.Val48Phe",0.973
"p.Val48Thr",NA
"p.Val48Ile",0.169
"p.Val48Leu",0.772
"p.Val48Lys",NA
"p.Val48Gly",0.995
"p.Val48Tyr",NA
"p.Val48Asn",NA
"p.Val48Cys",NA
"p.Val48Pro",NA
"p.Val48Glu",NA
"p.Val48Met",NA
"p.Val48Trp",NA
"p.Val48His",NA
"p.Val48Gln",NA
"p.Val48*",NA
"p.His49Ser",NA
"p.His49Ala",NA
"p.His49Val",NA
"p.His49Arg",0.989
"p.His49Asp",0.993
"p.His49Phe",NA
"p.His49Thr",NA
"p.His49Ile",NA
"p.His49Leu",0.977
"p.His49Lys",NA
"p.His49Gly",NA
"p.His49Tyr",0.98
"p.His49Asn",0.986
"p.His49Cys",NA
"p.His49Pro",0.996
"p.His49Glu",NA
"p.His49Met",NA
"p.His49Trp",NA
"p.His49His",NA
"p.His49Gln",0.99
"p.His49*",NA
"p.Glu50Ser",NA
"p.Glu50Ala",0.501
"p.Glu50Val",0.583
"p.Glu50Arg",NA
"p.Glu50Asp",0.564
"p.Glu50Phe",NA
"p.Glu50Thr",NA
"p.Glu50Ile",NA
"p.Glu50Leu",NA
"p.Glu50Lys",0.587
"p.Glu50Gly",0.664
"p.Glu50Tyr",NA
"p.Glu50Asn",NA
"p.Glu50Cys",NA
"p.Glu50Pro",NA
"p.Glu50Glu",NA
"p.Glu50Met",NA
"p.Glu50Trp",NA
"p.Glu50His",NA
"p.Glu50Gln",0.274
"p.Glu50*",NA
"p.Phe51Ser",0.961
"p.Phe51Ala",NA
"p.Phe51Val",0.958
"p.Phe51Arg",NA
"p.Phe51Asp",NA
"p.Phe51Phe",NA
"p.Phe51Thr",NA
"p.Phe51Ile",0.95
"p.Phe51Leu",0.821
"p.Phe51Lys",NA
"p.Phe51Gly",NA
"p.Phe51Tyr",0.548
"p.Phe51Asn",NA
"p.Phe51Cys",0.954
"p.Phe51Pro",NA
"p.Phe51Glu",NA
"p.Phe51Met",NA
"p.Phe51Trp",NA
"p.Phe51His",NA
"p.Phe51Gln",NA
"p.Phe51*",NA
"p.Gly52Ser",NA
"p.Gly52Ala",0.963
"p.Gly52Val",0.994
"p.Gly52Arg",0.981
"p.Gly52Asp",NA
"p.Gly52Phe",NA
"p.Gly52Thr",NA
"p.Gly52Ile",NA
"p.Gly52Leu",NA
"p.Gly52Lys",NA
"p.Gly52Gly",NA
"p.Gly52Tyr",NA
"p.Gly52Asn",NA
"p.Gly52Cys",NA
"p.Gly52Pro",NA
"p.Gly52Glu",0.983
"p.Gly52Met",NA
"p.Gly52Trp",NA
"p.Gly52His",NA
"p.Gly52Gln",NA
"p.Gly52*",NA
"p.Asp53Ser",NA
"p.Asp53Ala",0.961
"p.Asp53Val",0.949
"p.Asp53Arg",NA
"p.Asp53Asp",NA
"p.Asp53Phe",NA
"p.Asp53Thr",NA
"p.Asp53Ile",NA
"p.Asp53Leu",NA
"p.Asp53Lys",NA
"p.Asp53Gly",0.976
"p.Asp53Tyr",0.986
"p.Asp53Asn",0.965
"p.Asp53Cys",NA
"p.Asp53Pro",NA
"p.Asp53Glu",0.943
"p.Asp53Met",NA
"p.Asp53Trp",NA
"p.Asp53His",0.979
"p.Asp53Gln",NA
"p.Asp53*",NA
"p.Asn54Ser",0.753
"p.Asn54Ala",NA
"p.Asn54Val",NA
"p.Asn54Arg",NA
"p.Asn54Asp",0.954
"p.Asn54Phe",NA
"p.Asn54Thr",0.825
"p.Asn54Ile",0.923
"p.Asn54Leu",NA
"p.Asn54Lys",0.974
"p.Asn54Gly",NA
"p.Asn54Tyr",0.89
"p.Asn54Asn",NA
"p.Asn54Cys",NA
"p.Asn54Pro",NA
"p.Asn54Glu",NA
"p.Asn54Met",NA
"p.Asn54Trp",NA
"p.Asn54His",0.922
"p.Asn54Gln",NA
"p.Asn54*",NA
"p.Thr55Ser",0.678
"p.Thr55Ala",0.913
"p.Thr55Val",NA
"p.Thr55Arg",0.877
"p.Thr55Asp",NA
"p.Thr55Phe",NA
"p.Thr55Thr",NA
"p.Thr55Ile",0.948
"p.Thr55Leu",NA
"p.Thr55Lys",0.964
"p.Thr55Gly",NA
"p.Thr55Tyr",NA
"p.Thr55Asn",NA
"p.Thr55Cys",NA
"p.Thr55Pro",0.989
"p.Thr55Glu",NA
"p.Thr55Met",NA
"p.Thr55Trp",NA
"p.Thr55His",NA
"p.Thr55Gln",NA
"p.Thr55*",NA
"p.Ala56Ser",0.291
"p.Ala56Ala",NA
"p.Ala56Val",0.28
"p.Ala56Arg",NA
"p.Ala56Asp",NA
"p.Ala56Phe",NA
"p.Ala56Thr",0.317
"p.Ala56Ile",NA
"p.Ala56Leu",NA
"p.Ala56Lys",NA
"p.Ala56Gly",0.41
"p.Ala56Tyr",NA
"p.Ala56Asn",NA
"p.Ala56Cys",NA
"p.Ala56Pro",0.582
"p.Ala56Glu",0.254
"p.Ala56Met",NA
"p.Ala56Trp",NA
"p.Ala56His",NA
"p.Ala56Gln",NA
"p.Ala56*",NA
"p.Gly57Ser",0.952
"p.Gly57Ala",0.966
"p.Gly57Val",0.986
"p.Gly57Arg",0.955
"p.Gly57Asp",0.963
"p.Gly57Phe",NA
"p.Gly57Thr",NA
"p.Gly57Ile",NA
"p.Gly57Leu",NA
"p.Gly57Lys",NA
"p.Gly57Gly",NA
"p.Gly57Tyr",NA
"p.Gly57Asn",NA
"p.Gly57Cys",0.985
"p.Gly57Pro",NA
"p.Gly57Glu",NA
"p.Gly57Met",NA
"p.Gly57Trp",NA
"p.Gly57His",NA
"p.Gly57Gln",NA
"p.Gly57*",NA
"p.Cys58Ser",0.949
"p.Cys58Ala",NA
"p.Cys58Val",NA
"p.Cys58Arg",0.993
"p.Cys58Asp",NA
"p.Cys58Phe",0.989
"p.Cys58Thr",NA
"p.Cys58Ile",NA
"p.Cys58Leu",NA
"p.Cys58Lys",NA
"p.Cys58Gly",0.963
"p.Cys58Tyr",0.981
"p.Cys58Asn",NA
"p.Cys58Cys",NA
"p.Cys58Pro",NA
"p.Cys58Glu",NA
"p.Cys58Met",NA
"p.Cys58Trp",0.975
"p.Cys58His",NA
"p.Cys58Gln",NA
"p.Cys58*",NA
"p.Thr59Ser",0.801
"p.Thr59Ala",0.669
"p.Thr59Val",NA
"p.Thr59Arg",NA
"p.Thr59Asp",NA
"p.Thr59Phe",NA
"p.Thr59Thr",NA
"p.Thr59Ile",0.455
"p.Thr59Leu",NA
"p.Thr59Lys",NA
"p.Thr59Gly",NA
"p.Thr59Tyr",NA
"p.Thr59Asn",0.791
"p.Thr59Cys",NA
"p.Thr59Pro",0.974
"p.Thr59Glu",NA
"p.Thr59Met",NA
"p.Thr59Trp",NA
"p.Thr59His",NA
"p.Thr59Gln",NA
"p.Thr59*",NA
"p.Ser60Ser",NA
"p.Ser60Ala",NA
"p.Ser60Val",NA
"p.Ser60Arg",0.988
"p.Ser60Asp",NA
"p.Ser60Phe",NA
"p.Ser60Thr",0.94
"p.Ser60Ile",0.994
"p.Ser60Leu",NA
"p.Ser60Lys",NA
"p.Ser60Gly",0.961
"p.Ser60Tyr",NA
"p.Ser60Asn",0.981
"p.Ser60Cys",0.976
"p.Ser60Pro",NA
"p.Ser60Glu",NA
"p.Ser60Met",NA
"p.Ser60Trp",NA
"p.Ser60His",NA
"p.Ser60Gln",NA
"p.Ser60*",NA
"p.Ala61Ser",0.937
"p.Ala61Ala",NA
"p.Ala61Val",0.983
"p.Ala61Arg",NA
"p.Ala61Asp",NA
"p.Ala61Phe",NA
"p.Ala61Thr",0.932
"p.Ala61Ile",NA
"p.Ala61Leu",NA
"p.Ala61Lys",NA
"p.Ala61Gly",0.99
"p.Ala61Tyr",NA
"p.Ala61Asn",NA
"p.Ala61Cys",NA
"p.Ala61Pro",0.995
"p.Ala61Glu",0.995
"p.Ala61Met",NA
"p.Ala61Trp",NA
"p.Ala61His",NA
"p.Ala61Gln",NA
"p.Ala61*",NA
"p.Gly62Ser",0.976
"p.Gly62Ala",0.939
"p.Gly62Val",0.996
"p.Gly62Arg",0.974
"p.Gly62Asp",0.987
"p.Gly62Phe",NA
"p.Gly62Thr",NA
"p.Gly62Ile",NA
"p.Gly62Leu",NA
"p.Gly62Lys",NA
"p.Gly62Gly",NA
"p.Gly62Tyr",NA
"p.Gly62Asn",NA
"p.Gly62Cys",0.982
"p.Gly62Pro",NA
"p.Gly62Glu",NA
"p.Gly62Met",NA
"p.Gly62Trp",NA
"p.Gly62His",NA
"p.Gly62Gln",NA
"p.Gly62*",NA
"p.Pro63Ser",0.509
"p.Pro63Ala",0.37
"p.Pro63Val",NA
"p.Pro63Arg",0.813
"p.Pro63Asp",NA
"p.Pro63Phe",NA
"p.Pro63Thr",0.878
"p.Pro63Ile",NA
"p.Pro63Leu",0.883
"p.Pro63Lys",NA
"p.Pro63Gly",NA
"p.Pro63Tyr",NA
"p.Pro63Asn",NA
"p.Pro63Cys",NA
"p.Pro63Pro",NA
"p.Pro63Glu",NA
"p.Pro63Met",NA
"p.Pro63Trp",NA
"p.Pro63His",0.939
"p.Pro63Gln",NA
"p.Pro63*",NA
"p.His64Ser",NA
"p.His64Ala",NA
"p.His64Val",NA
"p.His64Arg",0.989
"p.His64Asp",0.984
"p.His64Phe",NA
"p.His64Thr",NA
"p.His64Ile",NA
"p.His64Leu",0.984
"p.His64Lys",NA
"p.His64Gly",NA
"p.His64Tyr",0.977
"p.His64Asn",0.994
"p.His64Cys",NA
"p.His64Pro",0.983
"p.His64Glu",NA
"p.His64Met",NA
"p.His64Trp",NA
"p.His64His",NA
"p.His64Gln",0.989
"p.His64*",NA
"p.Phe65Ser",0.991
"p.Phe65Ala",NA
"p.Phe65Val",0.983
"p.Phe65Arg",NA
"p.Phe65Asp",NA
"p.Phe65Phe",NA
"p.Phe65Thr",NA
"p.Phe65Ile",0.981
"p.Phe65Leu",0.975
"p.Phe65Lys",NA
"p.Phe65Gly",NA
"p.Phe65Tyr",0.804
"p.Phe65Asn",NA
"p.Phe65Cys",0.982
"p.Phe65Pro",NA
"p.Phe65Glu",NA
"p.Phe65Met",NA
"p.Phe65Trp",NA
"p.Phe65His",NA
"p.Phe65Gln",NA
"p.Phe65*",NA
"p.Asn66Ser",0.866
"p.Asn66Ala",NA
"p.Asn66Val",NA
"p.Asn66Arg",NA
"p.Asn66Asp",0.91
"p.Asn66Phe",NA
"p.Asn66Thr",0.963
"p.Asn66Ile",0.963
"p.Asn66Leu",NA
"p.Asn66Lys",0.967
"p.Asn66Gly",NA
"p.Asn66Tyr",0.991
"p.Asn66Asn",NA
"p.Asn66Cys",NA
"p.Asn66Pro",NA
"p.Asn66Glu",NA
"p.Asn66Met",NA
"p.Asn66Trp",NA
"p.Asn66His",0.957
"p.Asn66Gln",NA
"p.Asn66*",NA
"p.Pro67Ser",0.978
"p.Pro67Ala",0.977
"p.Pro67Val",NA
"p.Pro67Arg",0.975
"p.Pro67Asp",NA
"p.Pro67Phe",NA
"p.Pro67Thr",0.96
"p.Pro67Ile",NA
"p.Pro67Leu",0.943
"p.Pro67Lys",NA
"p.Pro67Gly",NA
"p.Pro67Tyr",NA
"p.Pro67Asn",NA
"p.Pro67Cys",NA
"p.Pro67Pro",NA
"p.Pro67Glu",NA
"p.Pro67Met",NA
"p.Pro67Trp",NA
"p.Pro67His",0.972
"p.Pro67Gln",NA
"p.Pro67*",NA
"p.Leu68Ser",NA
"p.Leu68Ala",NA
"p.Leu68Val",0.15
"p.Leu68Arg",0.209
"p.Leu68Asp",NA
"p.Leu68Phe",NA
"p.Leu68Thr",NA
"p.Leu68Ile",0.206
"p.Leu68Leu",NA
"p.Leu68Lys",NA
"p.Leu68Gly",NA
"p.Leu68Tyr",NA
"p.Leu68Asn",NA
"p.Leu68Cys",NA
"p.Leu68Pro",0.363
"p.Leu68Glu",NA
"p.Leu68Met",NA
"p.Leu68Trp",NA
"p.Leu68His",NA
"p.Leu68Gln",0.26
"p.Leu68*",NA
"p.Ser69Ser",NA
"p.Ser69Ala",0.257
"p.Ser69Val",NA
"p.Ser69Arg",NA
"p.Ser69Asp",NA
"p.Ser69Phe",0.516
"p.Ser69Thr",0.365
"p.Ser69Ile",NA
"p.Ser69Leu",NA
"p.Ser69Lys",NA
"p.Ser69Gly",NA
"p.Ser69Tyr",0.585
"p.Ser69Asn",NA
"p.Ser69Cys",0.877
"p.Ser69Pro",0.812
"p.Ser69Glu",NA
"p.Ser69Met",NA
"p.Ser69Trp",NA
"p.Ser69His",NA
"p.Ser69Gln",NA
"p.Ser69*",NA
"p.Arg70Ser",0.896
"p.Arg70Ala",NA
"p.Arg70Val",NA
"p.Arg70Arg",NA
"p.Arg70Asp",NA
"p.Arg70Phe",NA
"p.Arg70Thr",0.753
"p.Arg70Ile",0.846
"p.Arg70Leu",NA
"p.Arg70Lys",0.674
"p.Arg70Gly",0.774
"p.Arg70Tyr",NA
"p.Arg70Asn",NA
"p.Arg70Cys",NA
"p.Arg70Pro",NA
"p.Arg70Glu",NA
"p.Arg70Met",NA
"p.Arg70Trp",NA
"p.Arg70His",NA
"p.Arg70Gln",NA
"p.Arg70*",NA
"p.Lys71Ser",NA
"p.Lys71Ala",NA
"p.Lys71Val",NA
"p.Lys71Arg",0.242
"p.Lys71Asp",NA
"p.Lys71Phe",NA
"p.Lys71Thr",0.164
"p.Lys71Ile",0.576
"p.Lys71Leu",NA
"p.Lys71Lys",NA
"p.Lys71Gly",NA
"p.Lys71Tyr",NA
"p.Lys71Asn",0.161
"p.Lys71Cys",NA
"p.Lys71Pro",NA
"p.Lys71Glu",0.253
"p.Lys71Met",NA
"p.Lys71Trp",NA
"p.Lys71His",NA
"p.Lys71Gln",0.246
"p.Lys71*",NA
"p.His72Ser",NA
"p.His72Ala",NA
"p.His72Val",NA
"p.His72Arg",0.97
"p.His72Asp",0.983
"p.His72Phe",NA
"p.His72Thr",NA
"p.His72Ile",NA
"p.His72Leu",0.978
"p.His72Lys",NA
"p.His72Gly",NA
"p.His72Tyr",0.963
"p.His72Asn",0.98
"p.His72Cys",NA
"p.His72Pro",0.987
"p.His72Glu",NA
"p.His72Met",NA
"p.His72Trp",NA
"p.His72His",NA
"p.His72Gln",0.984
"p.His72*",NA
"p.Gly73Ser",0.941
"p.Gly73Ala",0.908
"p.Gly73Val",0.991
"p.Gly73Arg",0.984
"p.Gly73Asp",0.985
"p.Gly73Phe",NA
"p.Gly73Thr",NA
"p.Gly73Ile",NA
"p.Gly73Leu",NA
"p.Gly73Lys",NA
"p.Gly73Gly",NA
"p.Gly73Tyr",NA
"p.Gly73Asn",NA
"p.Gly73Cys",0.995
"p.Gly73Pro",NA
"p.Gly73Glu",NA
"p.Gly73Met",NA
"p.Gly73Trp",NA
"p.Gly73His",NA
"p.Gly73Gln",NA
"p.Gly73*",NA
"p.Gly74Ser",NA
"p.Gly74Ala",0.695
"p.Gly74Val",0.952
"p.Gly74Arg",0.958
"p.Gly74Asp",NA
"p.Gly74Phe",NA
"p.Gly74Thr",NA
"p.Gly74Ile",NA
"p.Gly74Leu",NA
"p.Gly74Lys",NA
"p.Gly74Gly",NA
"p.Gly74Tyr",NA
"p.Gly74Asn",NA
"p.Gly74Cys",NA
"p.Gly74Pro",NA
"p.Gly74Glu",0.963
"p.Gly74Met",NA
"p.Gly74Trp",0.964
"p.Gly74His",NA
"p.Gly74Gln",NA
"p.Gly74*",NA
"p.Pro75Ser",0.921
"p.Pro75Ala",0.926
"p.Pro75Val",NA
"p.Pro75Arg",0.822
"p.Pro75Asp",NA
"p.Pro75Phe",NA
"p.Pro75Thr",0.956
"p.Pro75Ile",NA
"p.Pro75Leu",0.948
"p.Pro75Lys",NA
"p.Pro75Gly",NA
"p.Pro75Tyr",NA
"p.Pro75Asn",NA
"p.Pro75Cys",NA
"p.Pro75Pro",NA
"p.Pro75Glu",NA
"p.Pro75Met",NA
"p.Pro75Trp",NA
"p.Pro75His",NA
"p.Pro75Gln",0.913
"p.Pro75*",NA
"p.Lys76Ser",NA
"p.Lys76Ala",NA
"p.Lys76Val",NA
"p.Lys76Arg",0.082
"p.Lys76Asp",NA
"p.Lys76Phe",NA
"p.Lys76Thr",0.112
"p.Lys76Ile",NA
"p.Lys76Leu",NA
"p.Lys76Lys",NA
"p.Lys76Gly",NA
"p.Lys76Tyr",NA
"p.Lys76Asn",0.137
"p.Lys76Cys",NA
"p.Lys76Pro",NA
"p.Lys76Glu",0.108
"p.Lys76Met",0.162
"p.Lys76Trp",NA
"p.Lys76His",NA
"p.Lys76Gln",0.13
"p.Lys76*",NA
"p.Asp77Ser",NA
"p.Asp77Ala",0.716
"p.Asp77Val",0.941
"p.Asp77Arg",NA
"p.Asp77Asp",NA
"p.Asp77Phe",NA
"p.Asp77Thr",NA
"p.Asp77Ile",NA
"p.Asp77Leu",NA
"p.Asp77Lys",NA
"p.Asp77Gly",0.858
"p.Asp77Tyr",0.954
"p.Asp77Asn",0.815
"p.Asp77Cys",NA
"p.Asp77Pro",NA
"p.Asp77Glu",0.822
"p.Asp77Met",NA
"p.Asp77Trp",NA
"p.Asp77His",0.861
"p.Asp77Gln",NA
"p.Asp77*",NA
"p.Glu78Ser",NA
"p.Glu78Ala",0.324
"p.Glu78Val",0.506
"p.Glu78Arg",NA
"p.Glu78Asp",0.435
"p.Glu78Phe",NA
"p.Glu78Thr",NA
"p.Glu78Ile",NA
"p.Glu78Leu",NA
"p.Glu78Lys",0.292
"p.Glu78Gly",0.35
"p.Glu78Tyr",NA
"p.Glu78Asn",NA
"p.Glu78Cys",NA
"p.Glu78Pro",NA
"p.Glu78Glu",NA
"p.Glu78Met",NA
"p.Glu78Trp",NA
"p.Glu78His",NA
"p.Glu78Gln",0.259
"p.Glu78*",NA
"p.Glu79Ser",NA
"p.Glu79Ala",0.436
"p.Glu79Val",0.313
"p.Glu79Arg",NA
"p.Glu79Asp",0.316
"p.Glu79Phe",NA
"p.Glu79Thr",NA
"p.Glu79Ile",NA
"p.Glu79Leu",NA
"p.Glu79Lys",0.576
"p.Glu79Gly",0.425
"p.Glu79Tyr",NA
"p.Glu79Asn",NA
"p.Glu79Cys",NA
"p.Glu79Pro",NA
"p.Glu79Glu",NA
"p.Glu79Met",NA
"p.Glu79Trp",NA
"p.Glu79His",NA
"p.Glu79Gln",0.59
"p.Glu79*",NA
"p.Arg80Ser",0.996
"p.Arg80Ala",NA
"p.Arg80Val",NA
"p.Arg80Arg",NA
"p.Arg80Asp",NA
"p.Arg80Phe",NA
"p.Arg80Thr",0.995
"p.Arg80Ile",NA
"p.Arg80Leu",NA
"p.Arg80Lys",0.983
"p.Arg80Gly",0.994
"p.Arg80Tyr",NA
"p.Arg80Asn",NA
"p.Arg80Cys",NA
"p.Arg80Pro",NA
"p.Arg80Glu",NA
"p.Arg80Met",0.984
"p.Arg80Trp",0.995
"p.Arg80His",NA
"p.Arg80Gln",NA
"p.Arg80*",NA
"p.His81Ser",NA
"p.His81Ala",NA
"p.His81Val",NA
"p.His81Arg",0.989
"p.His81Asp",0.982
"p.His81Phe",NA
"p.His81Thr",NA
"p.His81Ile",NA
"p.His81Leu",0.988
"p.His81Lys",NA
"p.His81Gly",NA
"p.His81Tyr",0.98
"p.His81Asn",0.982
"p.His81Cys",NA
"p.His81Pro",0.992
"p.His81Glu",NA
"p.His81Met",NA
"p.His81Trp",NA
"p.His81His",NA
"p.His81Gln",0.99
"p.His81*",NA
"p.Val82Ser",NA
"p.Val82Ala",0.718
"p.Val82Val",NA
"p.Val82Arg",NA
"p.Val82Asp",0.981
"p.Val82Phe",0.978
"p.Val82Thr",NA
"p.Val82Ile",0.523
"p.Val82Leu",0.86
"p.Val82Lys",NA
"p.Val82Gly",0.972
"p.Val82Tyr",NA
"p.Val82Asn",NA
"p.Val82Cys",NA
"p.Val82Pro",NA
"p.Val82Glu",NA
"p.Val82Met",NA
"p.Val82Trp",NA
"p.Val82His",NA
"p.Val82Gln",NA
"p.Val82*",NA
"p.Gly83Ser",NA
"p.Gly83Ala",0.979
"p.Gly83Val",0.991
"p.Gly83Arg",0.985
"p.Gly83Asp",NA
"p.Gly83Phe",NA
"p.Gly83Thr",NA
"p.Gly83Ile",NA
"p.Gly83Leu",NA
"p.Gly83Lys",NA
"p.Gly83Gly",NA
"p.Gly83Tyr",NA
"p.Gly83Asn",NA
"p.Gly83Cys",NA
"p.Gly83Pro",NA
"p.Gly83Glu",0.992
"p.Gly83Met",NA
"p.Gly83Trp",NA
"p.Gly83His",NA
"p.Gly83Gln",NA
"p.Gly83*",NA
"p.Asp84Ser",NA
"p.Asp84Ala",0.991
"p.Asp84Val",0.99
"p.Asp84Arg",NA
"p.Asp84Asp",NA
"p.Asp84Phe",NA
"p.Asp84Thr",NA
"p.Asp84Ile",NA
"p.Asp84Leu",NA
"p.Asp84Lys",NA
"p.Asp84Gly",0.992
"p.Asp84Tyr",0.994
"p.Asp84Asn",0.971
"p.Asp84Cys",NA
"p.Asp84Pro",NA
"p.Asp84Glu",0.982
"p.Asp84Met",NA
"p.Asp84Trp",NA
"p.Asp84His",0.993
"p.Asp84Gln",NA
"p.Asp84*",NA
"p.Leu85Ser",0.97
"p.Leu85Ala",NA
"p.Leu85Val",0.955
"p.Leu85Arg",NA
"p.Leu85Asp",NA
"p.Leu85Phe",0.92
"p.Leu85Thr",NA
"p.Leu85Ile",NA
"p.Leu85Leu",NA
"p.Leu85Lys",NA
"p.Leu85Gly",NA
"p.Leu85Tyr",NA
"p.Leu85Asn",NA
"p.Leu85Cys",NA
"p.Leu85Pro",NA
"p.Leu85Glu",NA
"p.Leu85Met",0.868
"p.Leu85Trp",0.945
"p.Leu85His",NA
"p.Leu85Gln",NA
"p.Leu85*",NA
"p.Gly86Ser",0.992
"p.Gly86Ala",0.986
"p.Gly86Val",0.993
"p.Gly86Arg",0.986
"p.Gly86Asp",0.99
"p.Gly86Phe",NA
"p.Gly86Thr",NA
"p.Gly86Ile",NA
"p.Gly86Leu",NA
"p.Gly86Lys",NA
"p.Gly86Gly",NA
"p.Gly86Tyr",NA
"p.Gly86Asn",NA
"p.Gly86Cys",0.997
"p.Gly86Pro",NA
"p.Gly86Glu",NA
"p.Gly86Met",NA
"p.Gly86Trp",NA
"p.Gly86His",NA
"p.Gly86Gln",NA
"p.Gly86*",NA
"p.Asn87Ser",0.959
"p.Asn87Ala",NA
"p.Asn87Val",NA
"p.Asn87Arg",NA
"p.Asn87Asp",0.992
"p.Asn87Phe",NA
"p.Asn87Thr",0.989
"p.Asn87Ile",0.992
"p.Asn87Leu",NA
"p.Asn87Lys",0.991
"p.Asn87Gly",NA
"p.Asn87Tyr",0.997
"p.Asn87Asn",NA
"p.Asn87Cys",NA
"p.Asn87Pro",NA
"p.Asn87Glu",NA
"p.Asn87Met",NA
"p.Asn87Trp",NA
"p.Asn87His",0.991
"p.Asn87Gln",NA
"p.Asn87*",NA
"p.Val88Ser",NA
"p.Val88Ala",0.98
"p.Val88Val",NA
"p.Val88Arg",NA
"p.Val88Asp",NA
"p.Val88Phe",NA
"p.Val88Thr",NA
"p.Val88Ile",NA
"p.Val88Leu",0.966
"p.Val88Lys",NA
"p.Val88Gly",0.995
"p.Val88Tyr",NA
"p.Val88Asn",NA
"p.Val88Cys",NA
"p.Val88Pro",NA
"p.Val88Glu",0.996
"p.Val88Met",0.97
"p.Val88Trp",NA
"p.Val88His",NA
"p.Val88Gln",NA
"p.Val88*",NA
"p.Thr89Ser",0.46
"p.Thr89Ala",0.313
"p.Thr89Val",NA
"p.Thr89Arg",NA
"p.Thr89Asp",NA
"p.Thr89Phe",NA
"p.Thr89Thr",NA
"p.Thr89Ile",0.271
"p.Thr89Leu",NA
"p.Thr89Lys",NA
"p.Thr89Gly",NA
"p.Thr89Tyr",NA
"p.Thr89Asn",0.559
"p.Thr89Cys",NA
"p.Thr89Pro",0.91
"p.Thr89Glu",NA
"p.Thr89Met",NA
"p.Thr89Trp",NA
"p.Thr89His",NA
"p.Thr89Gln",NA
"p.Thr89*",NA
"p.Ala90Ser",0.839
"p.Ala90Ala",NA
"p.Ala90Val",0.882
"p.Ala90Arg",NA
"p.Ala90Asp",0.992
"p.Ala90Phe",NA
"p.Ala90Thr",0.816
"p.Ala90Ile",NA
"p.Ala90Leu",NA
"p.Ala90Lys",NA
"p.Ala90Gly",0.974
"p.Ala90Tyr",NA
"p.Ala90Asn",NA
"p.Ala90Cys",NA
"p.Ala90Pro",0.993
"p.Ala90Glu",NA
"p.Ala90Met",NA
"p.Ala90Trp",NA
"p.Ala90His",NA
"p.Ala90Gln",NA
"p.Ala90*",NA
"p.Asp91Ser",NA
"p.Asp91Ala",0.48
"p.Asp91Val",0.526
"p.Asp91Arg",NA
"p.Asp91Asp",NA
"p.Asp91Phe",NA
"p.Asp91Thr",NA
"p.Asp91Ile",NA
"p.Asp91Leu",NA
"p.Asp91Lys",NA
"p.Asp91Gly",0.654
"p.Asp91Tyr",0.449
"p.Asp91Asn",0.506
"p.Asp91Cys",NA
"p.Asp91Pro",NA
"p.Asp91Glu",0.474
"p.Asp91Met",NA
"p.Asp91Trp",NA
"p.Asp91His",0.421
"p.Asp91Gln",NA
"p.Asp91*",NA
"p.Lys92Ser",NA
"p.Lys92Ala",NA
"p.Lys92Val",NA
"p.Lys92Arg",0.462
"p.Lys92Asp",NA
"p.Lys92Phe",NA
"p.Lys92Thr",0.506
"p.Lys92Ile",0.729
"p.Lys92Leu",NA
"p.Lys92Lys",NA
"p.Lys92Gly",NA
"p.Lys92Tyr",NA
"p.Lys92Asn",0.504
"p.Lys92Cys",NA
"p.Lys92Pro",NA
"p.Lys92Glu",0.523
"p.Lys92Met",NA
"p.Lys92Trp",NA
"p.Lys92His",NA
"p.Lys92Gln",0.534
"p.Lys92*",NA
"p.Asp93Ser",NA
"p.Asp93Ala",0.486
"p.Asp93Val",0.625
"p.Asp93Arg",NA
"p.Asp93Asp",NA
"p.Asp93Phe",NA
"p.Asp93Thr",NA
"p.Asp93Ile",NA
"p.Asp93Leu",NA
"p.Asp93Lys",NA
"p.Asp93Gly",0.487
"p.Asp93Tyr",0.591
"p.Asp93Asn",0.405
"p.Asp93Cys",NA
"p.Asp93Pro",NA
"p.Asp93Glu",0.435
"p.Asp93Met",NA
"p.Asp93Trp",NA
"p.Asp93His",0.448
"p.Asp93Gln",NA
"p.Asp93*",NA
"p.Gly94Ser",0.911
"p.Gly94Ala",0.925
"p.Gly94Val",0.991
"p.Gly94Arg",0.959
"p.Gly94Asp",0.987
"p.Gly94Phe",NA
"p.Gly94Thr",NA
"p.Gly94Ile",NA
"p.Gly94Leu",NA
"p.Gly94Lys",NA
"p.Gly94Gly",NA
"p.Gly94Tyr",NA
"p.Gly94Asn",NA
"p.Gly94Cys",0.992
"p.Gly94Pro",NA
"p.Gly94Glu",NA
"p.Gly94Met",NA
"p.Gly94Trp",NA
"p.Gly94His",NA
"p.Gly94Gln",NA
"p.Gly94*",NA
"p.Val95Ser",NA
"p.Val95Ala",0.436
"p.Val95Val",NA
"p.Val95Arg",NA
"p.Val95Asp",NA
"p.Val95Phe",NA
"p.Val95Thr",NA
"p.Val95Ile",NA
"p.Val95Leu",0.688
"p.Val95Lys",NA
"p.Val95Gly",0.872
"p.Val95Tyr",NA
"p.Val95Asn",NA
"p.Val95Cys",NA
"p.Val95Pro",NA
"p.Val95Glu",0.698
"p.Val95Met",0.65
"p.Val95Trp",NA
"p.Val95His",NA
"p.Val95Gln",NA
"p.Val95*",NA
"p.Ala96Ser",0.871
"p.Ala96Ala",NA
"p.Ala96Val",0.832
"p.Ala96Arg",NA
"p.Ala96Asp",0.989
"p.Ala96Phe",NA
"p.Ala96Thr",0.746
"p.Ala96Ile",NA
"p.Ala96Leu",NA
"p.Ala96Lys",NA
"p.Ala96Gly",0.921
"p.Ala96Tyr",NA
"p.Ala96Asn",NA
"p.Ala96Cys",NA
"p.Ala96Pro",0.997
"p.Ala96Glu",NA
"p.Ala96Met",NA
"p.Ala96Trp",NA
"p.Ala96His",NA
"p.Ala96Gln",NA
"p.Ala96*",NA
"p.Asp97Ser",NA
"p.Asp97Ala",0.549
"p.Asp97Val",0.378
"p.Asp97Arg",NA
"p.Asp97Asp",NA
"p.Asp97Phe",NA
"p.Asp97Thr",NA
"p.Asp97Ile",NA
"p.Asp97Leu",NA
"p.Asp97Lys",NA
"p.Asp97Gly",0.45
"p.Asp97Tyr",0.551
"p.Asp97Asn",0.232
"p.Asp97Cys",NA
"p.Asp97Pro",NA
"p.Asp97Glu",0.525
"p.Asp97Met",NA
"p.Asp97Trp",NA
"p.Asp97His",0.486
"p.Asp97Gln",NA
"p.Asp97*",NA
"p.Val98Ser",NA
"p.Val98Ala",0.827
"p.Val98Val",NA
"p.Val98Arg",NA
"p.Val98Asp",NA
"p.Val98Phe",NA
"p.Val98Thr",NA
"p.Val98Ile",NA
"p.Val98Leu",0.822
"p.Val98Lys",NA
"p.Val98Gly",0.951
"p.Val98Tyr",NA
"p.Val98Asn",NA
"p.Val98Cys",NA
"p.Val98Pro",NA
"p.Val98Glu",0.944
"p.Val98Met",0.782
"p.Val98Trp",NA
"p.Val98His",NA
"p.Val98Gln",NA
"p.Val98*",NA
"p.Ser99Ser",NA
"p.Ser99Ala",0.333
"p.Ser99Val",NA
"p.Ser99Arg",NA
"p.Ser99Asp",NA
"p.Ser99Phe",0.465
"p.Ser99Thr",0.488
"p.Ser99Ile",NA
"p.Ser99Leu",NA
"p.Ser99Lys",NA
"p.Ser99Gly",NA
"p.Ser99Tyr",0.437
"p.Ser99Asn",NA
"p.Ser99Cys",0.393
"p.Ser99Pro",0.899
"p.Ser99Glu",NA
"p.Ser99Met",NA
"p.Ser99Trp",NA
"p.Ser99His",NA
"p.Ser99Gln",NA
"p.Ser99*",NA
"p.Ile100Ser",0.964
"p.Ile100Ala",NA
"p.Ile100Val",0.635
"p.Ile100Arg",NA
"p.Ile100Asp",NA
"p.Ile100Phe",0.739
"p.Ile100Thr",0.838
"p.Ile100Ile",NA
"p.Ile100Leu",0.715
"p.Ile100Lys",NA
"p.Ile100Gly",NA
"p.Ile100Tyr",NA
"p.Ile100Asn",0.948
"p.Ile100Cys",NA
"p.Ile100Pro",NA
"p.Ile100Glu",NA
"p.Ile100Met",0.632
"p.Ile100Trp",NA
"p.Ile100His",NA
"p.Ile100Gln",NA
"p.Ile100*",NA
"p.Glu101Ser",NA
"p.Glu101Ala",0.521
"p.Glu101Val",0.365
"p.Glu101Arg",NA
"p.Glu101Asp",0.464
"p.Glu101Phe",NA
"p.Glu101Thr",NA
"p.Glu101Ile",NA
"p.Glu101Leu",NA
"p.Glu101Lys",0.3
"p.Glu101Gly",0.753
"p.Glu101Tyr",NA
"p.Glu101Asn",NA
"p.Glu101Cys",NA
"p.Glu101Pro",NA
"p.Glu101Glu",NA
"p.Glu101Met",NA
"p.Glu101Trp",NA
"p.Glu101His",NA
"p.Glu101Gln",0.36
"p.Glu101*",NA
"p.Asp102Ser",NA
"p.Asp102Ala",0.987
"p.Asp102Val",0.989
"p.Asp102Arg",NA
"p.Asp102Asp",NA
"p.Asp102Phe",NA
"p.Asp102Thr",NA
"p.Asp102Ile",NA
"p.Asp102Leu",NA
"p.Asp102Lys",NA
"p.Asp102Gly",0.994
"p.Asp102Tyr",0.993
"p.Asp102Asn",0.983
"p.Asp102Cys",NA
"p.Asp102Pro",NA
"p.Asp102Glu",0.992
"p.Asp102Met",NA
"p.Asp102Trp",NA
"p.Asp102His",0.993
"p.Asp102Gln",NA
"p.Asp102*",NA
"p.Ser103Ser",NA
"p.Ser103Ala",0.343
"p.Ser103Val",NA
"p.Ser103Arg",NA
"p.Ser103Asp",NA
"p.Ser103Phe",0.569
"p.Ser103Thr",0.425
"p.Ser103Ile",NA
"p.Ser103Leu",NA
"p.Ser103Lys",NA
"p.Ser103Gly",NA
"p.Ser103Tyr",0.546
"p.Ser103Asn",NA
"p.Ser103Cys",0.464
"p.Ser103Pro",0.663
"p.Ser103Glu",NA
"p.Ser103Met",NA
"p.Ser103Trp",NA
"p.Ser103His",NA
"p.Ser103Gln",NA
"p.Ser103*",NA
"p.Val104Ser",NA
"p.Val104Ala",0.5
"p.Val104Val",NA
"p.Val104Arg",NA
"p.Val104Asp",NA
"p.Val104Phe",NA
"p.Val104Thr",NA
"p.Val104Ile",NA
"p.Val104Leu",0.239
"p.Val104Lys",NA
"p.Val104Gly",0.756
"p.Val104Tyr",NA
"p.Val104Asn",NA
"p.Val104Cys",NA
"p.Val104Pro",NA
"p.Val104Glu",0.68
"p.Val104Met",0.233
"p.Val104Trp",NA
"p.Val104His",NA
"p.Val104Gln",NA
"p.Val104*",NA
"p.Ile105Ser",0.985
"p.Ile105Ala",NA
"p.Ile105Val",0.654
"p.Ile105Arg",NA
"p.Ile105Asp",NA
"p.Ile105Phe",0.969
"p.Ile105Thr",0.962
"p.Ile105Ile",NA
"p.Ile105Leu",0.784
"p.Ile105Lys",NA
"p.Ile105Gly",NA
"p.Ile105Tyr",NA
"p.Ile105Asn",0.992
"p.Ile105Cys",NA
"p.Ile105Pro",NA
"p.Ile105Glu",NA
"p.Ile105Met",0.909
"p.Ile105Trp",NA
"p.Ile105His",NA
"p.Ile105Gln",NA
"p.Ile105*",NA
"p.Ser106Ser",NA
"p.Ser106Ala",0.585
"p.Ser106Val",NA
"p.Ser106Arg",NA
"p.Ser106Asp",NA
"p.Ser106Phe",NA
"p.Ser106Thr",0.628
"p.Ser106Ile",NA
"p.Ser106Leu",0.743
"p.Ser106Lys",NA
"p.Ser106Gly",NA
"p.Ser106Tyr",NA
"p.Ser106Asn",NA
"p.Ser106Cys",NA
"p.Ser106Pro",0.935
"p.Ser106Glu",NA
"p.Ser106Met",NA
"p.Ser106Trp",NA
"p.Ser106His",NA
"p.Ser106Gln",NA
"p.Ser106*",NA
"p.Leu107Ser",NA
"p.Leu107Ala",NA
"p.Leu107Val",0.977
"p.Leu107Arg",0.995
"p.Leu107Asp",NA
"p.Leu107Phe",0.96
"p.Leu107Thr",NA
"p.Leu107Ile",0.968
"p.Leu107Leu",NA
"p.Leu107Lys",NA
"p.Leu107Gly",NA
"p.Leu107Tyr",NA
"p.Leu107Asn",NA
"p.Leu107Cys",NA
"p.Leu107Pro",0.997
"p.Leu107Glu",NA
"p.Leu107Met",NA
"p.Leu107Trp",NA
"p.Leu107His",0.992
"p.Leu107Gln",NA
"p.Leu107*",NA
"p.Ser108Ser",NA
"p.Ser108Ala",0.392
"p.Ser108Val",NA
"p.Ser108Arg",NA
"p.Ser108Asp",NA
"p.Ser108Phe",NA
"p.Ser108Thr",0.315
"p.Ser108Ile",NA
"p.Ser108Leu",0.368
"p.Ser108Lys",NA
"p.Ser108Gly",NA
"p.Ser108Tyr",NA
"p.Ser108Asn",NA
"p.Ser108Cys",NA
"p.Ser108Pro",0.908
"p.Ser108Glu",NA
"p.Ser108Met",NA
"p.Ser108Trp",NA
"p.Ser108His",NA
"p.Ser108Gln",NA
"p.Ser108*",NA
"p.Gly109Ser",NA
"p.Gly109Ala",0.974
"p.Gly109Val",0.991
"p.Gly109Arg",0.963
"p.Gly109Asp",NA
"p.Gly109Phe",NA
"p.Gly109Thr",NA
"p.Gly109Ile",NA
"p.Gly109Leu",NA
"p.Gly109Lys",NA
"p.Gly109Gly",NA
"p.Gly109Tyr",NA
"p.Gly109Asn",NA
"p.Gly109Cys",NA
"p.Gly109Pro",NA
"p.Gly109Glu",0.977
"p.Gly109Met",NA
"p.Gly109Trp",NA
"p.Gly109His",NA
"p.Gly109Gln",NA
"p.Gly109*",NA
"p.Asp110Ser",NA
"p.Asp110Ala",0.545
"p.Asp110Val",0.382
"p.Asp110Arg",NA
"p.Asp110Asp",NA
"p.Asp110Phe",NA
"p.Asp110Thr",NA
"p.Asp110Ile",NA
"p.Asp110Leu",NA
"p.Asp110Lys",NA
"p.Asp110Gly",0.584
"p.Asp110Tyr",0.671
"p.Asp110Asn",0.419
"p.Asp110Cys",NA
"p.Asp110Pro",NA
"p.Asp110Glu",0.26
"p.Asp110Met",NA
"p.Asp110Trp",NA
"p.Asp110His",0.574
"p.Asp110Gln",NA
"p.Asp110*",NA
"p.His111Ser",NA
"p.His111Ala",NA
"p.His111Val",NA
"p.His111Arg",0.471
"p.His111Asp",0.478
"p.His111Phe",NA
"p.His111Thr",NA
"p.His111Ile",NA
"p.His111Leu",0.597
"p.His111Lys",NA
"p.His111Gly",NA
"p.His111Tyr",0.459
"p.His111Asn",0.316
"p.His111Cys",NA
"p.His111Pro",0.953
"p.His111Glu",NA
"p.His111Met",NA
"p.His111Trp",NA
"p.His111His",NA
"p.His111Gln",0.329
"p.His111*",NA
"p.Cys112Ser",0.361
"p.Cys112Ala",NA
"p.Cys112Val",NA
"p.Cys112Arg",0.911
"p.Cys112Asp",NA
"p.Cys112Phe",0.904
"p.Cys112Thr",NA
"p.Cys112Ile",NA
"p.Cys112Leu",NA
"p.Cys112Lys",NA
"p.Cys112Gly",0.803
"p.Cys112Tyr",0.902
"p.Cys112Asn",NA
"p.Cys112Cys",NA
"p.Cys112Pro",NA
"p.Cys112Glu",NA
"p.Cys112Met",NA
"p.Cys112Trp",0.931
"p.Cys112His",NA
"p.Cys112Gln",NA
"p.Cys112*",NA
"p.Ile113Ser",0.989
"p.Ile113Ala",NA
"p.Ile113Val",0.393
"p.Ile113Arg",NA
"p.Ile113Asp",NA
"p.Ile113Phe",0.988
"p.Ile113Thr",0.984
"p.Ile113Ile",NA
"p.Ile113Leu",0.982
"p.Ile113Lys",NA
"p.Ile113Gly",NA
"p.Ile113Tyr",NA
"p.Ile113Asn",0.992
"p.Ile113Cys",NA
"p.Ile113Pro",NA
"p.Ile113Glu",NA
"p.Ile113Met",0.961
"p.Ile113Trp",NA
"p.Ile113His",NA
"p.Ile113Gln",NA
"p.Ile113*",NA
"p.Ile114Ser",0.973
"p.Ile114Ala",NA
"p.Ile114Val",0.36
"p.Ile114Arg",NA
"p.Ile114Asp",NA
"p.Ile114Phe",0.954
"p.Ile114Thr",0.879
"p.Ile114Ile",NA
"p.Ile114Leu",0.704
"p.Ile114Lys",NA
"p.Ile114Gly",NA
"p.Ile114Tyr",NA
"p.Ile114Asn",0.978
"p.Ile114Cys",NA
"p.Ile114Pro",NA
"p.Ile114Glu",NA
"p.Ile114Met",0.941
"p.Ile114Trp",NA
"p.Ile114His",NA
"p.Ile114Gln",NA
"p.Ile114*",NA
"p.Gly115Ser",0.983
"p.Gly115Ala",0.99
"p.Gly115Val",0.993
"p.Gly115Arg",0.98
"p.Gly115Asp",0.985
"p.Gly115Phe",NA
"p.Gly115Thr",NA
"p.Gly115Ile",NA
"p.Gly115Leu",NA
"p.Gly115Lys",NA
"p.Gly115Gly",NA
"p.Gly115Tyr",NA
"p.Gly115Asn",NA
"p.Gly115Cys",0.993
"p.Gly115Pro",NA
"p.Gly115Glu",NA
"p.Gly115Met",NA
"p.Gly115Trp",NA
"p.Gly115His",NA
"p.Gly115Gln",NA
"p.Gly115*",NA
"p.Arg116Ser",0.993
"p.Arg116Ala",NA
"p.Arg116Val",NA
"p.Arg116Arg",NA
"p.Arg116Asp",NA
"p.Arg116Phe",NA
"p.Arg116Thr",NA
"p.Arg116Ile",NA
"p.Arg116Leu",0.966
"p.Arg116Lys",NA
"p.Arg116Gly",0.971
"p.Arg116Tyr",NA
"p.Arg116Asn",NA
"p.Arg116Cys",0.943
"p.Arg116Pro",0.998
"p.Arg116Glu",NA
"p.Arg116Met",NA
"p.Arg116Trp",NA
"p.Arg116His",0.835
"p.Arg116Gln",NA
"p.Arg116*",NA
"p.Thr117Ser",0.639
"p.Thr117Ala",0.67
"p.Thr117Val",NA
"p.Thr117Arg",0.986
"p.Thr117Asp",NA
"p.Thr117Phe",NA
"p.Thr117Thr",NA
"p.Thr117Ile",0.984
"p.Thr117Leu",NA
"p.Thr117Lys",0.993
"p.Thr117Gly",NA
"p.Thr117Tyr",NA
"p.Thr117Asn",NA
"p.Thr117Cys",NA
"p.Thr117Pro",0.99
"p.Thr117Glu",NA
"p.Thr117Met",NA
"p.Thr117Trp",NA
"p.Thr117His",NA
"p.Thr117Gln",NA
"p.Thr117*",NA
"p.Leu118Ser",NA
"p.Leu118Ala",NA
"p.Leu118Val",0.162
"p.Leu118Arg",0.984
"p.Leu118Asp",NA
"p.Leu118Phe",NA
"p.Leu118Thr",NA
"p.Leu118Ile",NA
"p.Leu118Leu",NA
"p.Leu118Lys",NA
"p.Leu118Gly",NA
"p.Leu118Tyr",NA
"p.Leu118Asn",NA
"p.Leu118Cys",NA
"p.Leu118Pro",0.987
"p.Leu118Glu",NA
"p.Leu118Met",0.183
"p.Leu118Trp",NA
"p.Leu118His",NA
"p.Leu118Gln",0.973
"p.Leu118*",NA
"p.Val119Ser",NA
"p.Val119Ala",0.98
"p.Val119Val",NA
"p.Val119Arg",NA
"p.Val119Asp",NA
"p.Val119Phe",NA
"p.Val119Thr",NA
"p.Val119Ile",NA
"p.Val119Leu",0.982
"p.Val119Lys",NA
"p.Val119Gly",0.995
"p.Val119Tyr",NA
"p.Val119Asn",NA
"p.Val119Cys",NA
"p.Val119Pro",NA
"p.Val119Glu",0.991
"p.Val119Met",0.972
"p.Val119Trp",NA
"p.Val119His",NA
"p.Val119Gln",NA
"p.Val119*",NA
"p.Val120Ser",NA
"p.Val120Ala",0.973
"p.Val120Val",NA
"p.Val120Arg",NA
"p.Val120Asp",0.996
"p.Val120Phe",0.981
"p.Val120Thr",NA
"p.Val120Ile",0.174
"p.Val120Leu",0.912
"p.Val120Lys",NA
"p.Val120Gly",0.995
"p.Val120Tyr",NA
"p.Val120Asn",NA
"p.Val120Cys",NA
"p.Val120Pro",NA
"p.Val120Glu",NA
"p.Val120Met",NA
"p.Val120Trp",NA
"p.Val120His",NA
"p.Val120Gln",NA
"p.Val120*",NA
"p.His121Ser",NA
"p.His121Ala",NA
"p.His121Val",NA
"p.His121Arg",0.989
"p.His121Asp",0.983
"p.His121Phe",NA
"p.His121Thr",NA
"p.His121Ile",NA
"p.His121Leu",0.978
"p.His121Lys",NA
"p.His121Gly",NA
"p.His121Tyr",0.987
"p.His121Asn",0.986
"p.His121Cys",NA
"p.His121Pro",0.995
"p.His121Glu",NA
"p.His121Met",NA
"p.His121Trp",NA
"p.His121His",NA
"p.His121Gln",0.99
"p.His121*",NA
"p.Glu122Ser",NA
"p.Glu122Ala",0.688
"p.Glu122Val",0.862
"p.Glu122Arg",NA
"p.Glu122Asp",0.692
"p.Glu122Phe",NA
"p.Glu122Thr",NA
"p.Glu122Ile",NA
"p.Glu122Leu",NA
"p.Glu122Lys",0.909
"p.Glu122Gly",0.85
"p.Glu122Tyr",NA
"p.Glu122Asn",NA
"p.Glu122Cys",NA
"p.Glu122Pro",NA
"p.Glu122Glu",NA
"p.Glu122Met",NA
"p.Glu122Trp",NA
"p.Glu122His",NA
"p.Glu122Gln",0.833
"p.Glu122*",NA
"p.Lys123Ser",NA
"p.Lys123Ala",NA
"p.Lys123Val",NA
"p.Lys123Arg",0.693
"p.Lys123Asp",NA
"p.Lys123Phe",NA
"p.Lys123Thr",0.826
"p.Lys123Ile",0.934
"p.Lys123Leu",NA
"p.Lys123Lys",NA
"p.Lys123Gly",NA
"p.Lys123Tyr",NA
"p.Lys123Asn",0.782
"p.Lys123Cys",NA
"p.Lys123Pro",NA
"p.Lys123Glu",0.836
"p.Lys123Met",NA
"p.Lys123Trp",NA
"p.Lys123His",NA
"p.Lys123Gln",0.865
"p.Lys123*",NA
"p.Ala124Ser",0.269
"p.Ala124Ala",NA
"p.Ala124Val",0.187
"p.Ala124Arg",NA
"p.Ala124Asp",NA
"p.Ala124Phe",NA
"p.Ala124Thr",0.218
"p.Ala124Ile",NA
"p.Ala124Leu",NA
"p.Ala124Lys",NA
"p.Ala124Gly",0.32
"p.Ala124Tyr",NA
"p.Ala124Asn",NA
"p.Ala124Cys",NA
"p.Ala124Pro",0.383
"p.Ala124Glu",0.264
"p.Ala124Met",NA
"p.Ala124Trp",NA
"p.Ala124His",NA
"p.Ala124Gln",NA
"p.Ala124*",NA
"p.Asp125Ser",NA
"p.Asp125Ala",0.991
"p.Asp125Val",0.982
"p.Asp125Arg",NA
"p.Asp125Asp",NA
"p.Asp125Phe",NA
"p.Asp125Thr",NA
"p.Asp125Ile",NA
"p.Asp125Leu",NA
"p.Asp125Lys",NA
"p.Asp125Gly",0.991
"p.Asp125Tyr",0.995
"p.Asp125Asn",0.981
"p.Asp125Cys",NA
"p.Asp125Pro",NA
"p.Asp125Glu",0.986
"p.Asp125Met",NA
"p.Asp125Trp",NA
"p.Asp125His",0.987
"p.Asp125Gln",NA
"p.Asp125*",NA
"p.Asp126Ser",NA
"p.Asp126Ala",0.976
"p.Asp126Val",0.986
"p.Asp126Arg",NA
"p.Asp126Asp",NA
"p.Asp126Phe",NA
"p.Asp126Thr",NA
"p.Asp126Ile",NA
"p.Asp126Leu",NA
"p.Asp126Lys",NA
"p.Asp126Gly",0.987
"p.Asp126Tyr",0.995
"p.Asp126Asn",0.969
"p.Asp126Cys",NA
"p.Asp126Pro",NA
"p.Asp126Glu",0.978
"p.Asp126Met",NA
"p.Asp126Trp",NA
"p.Asp126His",0.974
"p.Asp126Gln",NA
"p.Asp126*",NA
"p.Leu127Ser",0.98
"p.Leu127Ala",NA
"p.Leu127Val",0.984
"p.Leu127Arg",NA
"p.Leu127Asp",NA
"p.Leu127Phe",0.897
"p.Leu127Thr",NA
"p.Leu127Ile",NA
"p.Leu127Leu",NA
"p.Leu127Lys",NA
"p.Leu127Gly",NA
"p.Leu127Tyr",NA
"p.Leu127Asn",NA
"p.Leu127Cys",NA
"p.Leu127Pro",NA
"p.Leu127Glu",NA
"p.Leu127Met",0.94
"p.Leu127Trp",0.991
"p.Leu127His",NA
"p.Leu127Gln",NA
"p.Leu127*",NA
"p.Gly128Ser",0.967
"p.Gly128Ala",0.967
"p.Gly128Val",0.974
"p.Gly128Arg",0.959
"p.Gly128Asp",0.972
"p.Gly128Phe",NA
"p.Gly128Thr",NA
"p.Gly128Ile",NA
"p.Gly128Leu",NA
"p.Gly128Lys",NA
"p.Gly128Gly",NA
"p.Gly128Tyr",NA
"p.Gly128Asn",NA
"p.Gly128Cys",0.974
"p.Gly128Pro",NA
"p.Gly128Glu",NA
"p.Gly128Met",NA
"p.Gly128Trp",NA
"p.Gly128His",NA
"p.Gly128Gln",NA
"p.Gly128*",NA
"p.Lys129Ser",NA
"p.Lys129Ala",NA
"p.Lys129Val",NA
"p.Lys129Arg",0.26
"p.Lys129Asp",NA
"p.Lys129Phe",NA
"p.Lys129Thr",0.717
"p.Lys129Ile",0.788
"p.Lys129Leu",NA
"p.Lys129Lys",NA
"p.Lys129Gly",NA
"p.Lys129Tyr",NA
"p.Lys129Asn",0.782
"p.Lys129Cys",NA
"p.Lys129Pro",NA
"p.Lys129Glu",0.875
"p.Lys129Met",NA
"p.Lys129Trp",NA
"p.Lys129His",NA
"p.Lys129Gln",0.516
"p.Lys129*",NA
"p.Gly130Ser",0.952
"p.Gly130Ala",0.943
"p.Gly130Val",0.972
"p.Gly130Arg",0.894
"p.Gly130Asp",0.966
"p.Gly130Phe",NA
"p.Gly130Thr",NA
"p.Gly130Ile",NA
"p.Gly130Leu",NA
"p.Gly130Lys",NA
"p.Gly130Gly",NA
"p.Gly130Tyr",NA
"p.Gly130Asn",NA
"p.Gly130Cys",0.967
"p.Gly130Pro",NA
"p.Gly130Glu",NA
"p.Gly130Met",NA
"p.Gly130Trp",NA
"p.Gly130His",NA
"p.Gly130Gln",NA
"p.Gly130*",NA
"p.Gly131Ser",NA
"p.Gly131Ala",0.964
"p.Gly131Val",0.972
"p.Gly131Arg",0.966
"p.Gly131Asp",NA
"p.Gly131Phe",NA
"p.Gly131Thr",NA
"p.Gly131Ile",NA
"p.Gly131Leu",NA
"p.Gly131Lys",NA
"p.Gly131Gly",NA
"p.Gly131Tyr",NA
"p.Gly131Asn",NA
"p.Gly131Cys",NA
"p.Gly131Pro",NA
"p.Gly131Glu",0.946
"p.Gly131Met",NA
"p.Gly131Trp",NA
"p.Gly131His",NA
"p.Gly131Gln",NA
"p.Gly131*",NA
"p.Asn132Ser",0.707
"p.Asn132Ala",NA
"p.Asn132Val",NA
"p.Asn132Arg",NA
"p.Asn132Asp",0.743
"p.Asn132Phe",NA
"p.Asn132Thr",0.805
"p.Asn132Ile",0.882
"p.Asn132Leu",NA
"p.Asn132Lys",0.8
"p.Asn132Gly",NA
"p.Asn132Tyr",0.797
"p.Asn132Asn",NA
"p.Asn132Cys",NA
"p.Asn132Pro",NA
"p.Asn132Glu",NA
"p.Asn132Met",NA
"p.Asn132Trp",NA
"p.Asn132His",0.463
"p.Asn132Gln",NA
"p.Asn132*",NA
"p.Glu133Ser",NA
"p.Glu133Ala",0.688
"p.Glu133Val",0.879
"p.Glu133Arg",NA
"p.Glu133Asp",0.396
"p.Glu133Phe",NA
"p.Glu133Thr",NA
"p.Glu133Ile",NA
"p.Glu133Leu",NA
"p.Glu133Lys",0.726
"p.Glu133Gly",0.791
"p.Glu133Tyr",NA
"p.Glu133Asn",NA
"p.Glu133Cys",NA
"p.Glu133Pro",NA
"p.Glu133Glu",NA
"p.Glu133Met",NA
"p.Glu133Trp",NA
"p.Glu133His",NA
"p.Glu133Gln",0.718
"p.Glu133*",NA
"p.Glu134Ser",NA
"p.Glu134Ala",0.823
"p.Glu134Val",0.774
"p.Glu134Arg",NA
"p.Glu134Asp",0.565
"p.Glu134Phe",NA
"p.Glu134Thr",NA
"p.Glu134Ile",NA
"p.Glu134Leu",NA
"p.Glu134Lys",0.811
"p.Glu134Gly",0.836
"p.Glu134Tyr",NA
"p.Glu134Asn",NA
"p.Glu134Cys",NA
"p.Glu134Pro",NA
"p.Glu134Glu",NA
"p.Glu134Met",NA
"p.Glu134Trp",NA
"p.Glu134His",NA
"p.Glu134Gln",0.706
"p.Glu134*",NA
"p.Ser135Ser",NA
"p.Ser135Ala",NA
"p.Ser135Val",NA
"p.Ser135Arg",0.999
"p.Ser135Asp",NA
"p.Ser135Phe",NA
"p.Ser135Thr",0.985
"p.Ser135Ile",0.998
"p.Ser135Leu",NA
"p.Ser135Lys",NA
"p.Ser135Gly",0.982
"p.Ser135Tyr",NA
"p.Ser135Asn",0.986
"p.Ser135Cys",0.989
"p.Ser135Pro",NA
"p.Ser135Glu",NA
"p.Ser135Met",NA
"p.Ser135Trp",NA
"p.Ser135His",NA
"p.Ser135Gln",NA
"p.Ser135*",NA
"p.Thr136Ser",0.169
"p.Thr136Ala",0.15
"p.Thr136Val",NA
"p.Thr136Arg",0.333
"p.Thr136Asp",NA
"p.Thr136Phe",NA
"p.Thr136Thr",NA
"p.Thr136Ile",0.331
"p.Thr136Leu",NA
"p.Thr136Lys",0.187
"p.Thr136Gly",NA
"p.Thr136Tyr",NA
"p.Thr136Asn",NA
"p.Thr136Cys",NA
"p.Thr136Pro",0.778
"p.Thr136Glu",NA
"p.Thr136Met",NA
"p.Thr136Trp",NA
"p.Thr136His",NA
"p.Thr136Gln",NA
"p.Thr136*",NA
"p.Lys137Ser",NA
"p.Lys137Ala",NA
"p.Lys137Val",NA
"p.Lys137Arg",0.398
"p.Lys137Asp",NA
"p.Lys137Phe",NA
"p.Lys137Thr",0.537
"p.Lys137Ile",NA
"p.Lys137Leu",NA
"p.Lys137Lys",NA
"p.Lys137Gly",NA
"p.Lys137Tyr",NA
"p.Lys137Asn",0.835
"p.Lys137Cys",NA
"p.Lys137Pro",NA
"p.Lys137Glu",0.805
"p.Lys137Met",0.867
"p.Lys137Trp",NA
"p.Lys137His",NA
"p.Lys137Gln",0.773
"p.Lys137*",NA
"p.Thr138Ser",0.956
"p.Thr138Ala",0.942
"p.Thr138Val",NA
"p.Thr138Arg",0.995
"p.Thr138Asp",NA
"p.Thr138Phe",NA
"p.Thr138Thr",NA
"p.Thr138Ile",0.963
"p.Thr138Leu",NA
"p.Thr138Lys",0.987
"p.Thr138Gly",NA
"p.Thr138Tyr",NA
"p.Thr138Asn",NA
"p.Thr138Cys",NA
"p.Thr138Pro",0.989
"p.Thr138Glu",NA
"p.Thr138Met",NA
"p.Thr138Trp",NA
"p.Thr138His",NA
"p.Thr138Gln",NA
"p.Thr138*",NA
"p.Gly139Ser",NA
"p.Gly139Ala",0.992
"p.Gly139Val",0.997
"p.Gly139Arg",0.993
"p.Gly139Asp",NA
"p.Gly139Phe",NA
"p.Gly139Thr",NA
"p.Gly139Ile",NA
"p.Gly139Leu",NA
"p.Gly139Lys",NA
"p.Gly139Gly",NA
"p.Gly139Tyr",NA
"p.Gly139Asn",NA
"p.Gly139Cys",NA
"p.Gly139Pro",NA
"p.Gly139Glu",0.992
"p.Gly139Met",NA
"p.Gly139Trp",NA
"p.Gly139His",NA
"p.Gly139Gln",NA
"p.Gly139*",NA
"p.Asn140Ser",0.9
"p.Asn140Ala",NA
"p.Asn140Val",NA
"p.Asn140Arg",NA
"p.Asn140Asp",0.954
"p.Asn140Phe",NA
"p.Asn140Thr",0.959
"p.Asn140Ile",0.992
"p.Asn140Leu",NA
"p.Asn140Lys",0.983
"p.Asn140Gly",NA
"p.Asn140Tyr",0.989
"p.Asn140Asn",NA
"p.Asn140Cys",NA
"p.Asn140Pro",NA
"p.Asn140Glu",NA
"p.Asn140Met",NA
"p.Asn140Trp",NA
"p.Asn140His",0.848
"p.Asn140Gln",NA
"p.Asn140*",NA
"p.Ala141Ser",0.883
"p.Ala141Ala",NA
"p.Ala141Val",0.969
"p.Ala141Arg",NA
"p.Ala141Asp",0.985
"p.Ala141Phe",NA
"p.Ala141Thr",0.905
"p.Ala141Ile",NA
"p.Ala141Leu",NA
"p.Ala141Lys",NA
"p.Ala141Gly",0.97
"p.Ala141Tyr",NA
"p.Ala141Asn",NA
"p.Ala141Cys",NA
"p.Ala141Pro",0.986
"p.Ala141Glu",NA
"p.Ala141Met",NA
"p.Ala141Trp",NA
"p.Ala141His",NA
"p.Ala141Gln",NA
"p.Ala141*",NA
"p.Gly142Ser",NA
"p.Gly142Ala",0.97
"p.Gly142Val",0.989
"p.Gly142Arg",0.925
"p.Gly142Asp",NA
"p.Gly142Phe",NA
"p.Gly142Thr",NA
"p.Gly142Ile",NA
"p.Gly142Leu",NA
"p.Gly142Lys",NA
"p.Gly142Gly",NA
"p.Gly142Tyr",NA
"p.Gly142Asn",NA
"p.Gly142Cys",NA
"p.Gly142Pro",NA
"p.Gly142Glu",0.975
"p.Gly142Met",NA
"p.Gly142Trp",NA
"p.Gly142His",NA
"p.Gly142Gln",NA
"p.Gly142*",NA
"p.Ser143Ser",NA
"p.Ser143Ala",NA
"p.Ser143Val",NA
"p.Ser143Arg",0.763
"p.Ser143Asp",NA
"p.Ser143Phe",NA
"p.Ser143Thr",0.558
"p.Ser143Ile",0.708
"p.Ser143Leu",NA
"p.Ser143Lys",NA
"p.Ser143Gly",0.293
"p.Ser143Tyr",NA
"p.Ser143Asn",0.484
"p.Ser143Cys",0.854
"p.Ser143Pro",NA
"p.Ser143Glu",NA
"p.Ser143Met",NA
"p.Ser143Trp",NA
"p.Ser143His",NA
"p.Ser143Gln",NA
"p.Ser143*",NA
"p.Arg144Ser",0.992
"p.Arg144Ala",NA
"p.Arg144Val",NA
"p.Arg144Arg",NA
"p.Arg144Asp",NA
"p.Arg144Phe",NA
"p.Arg144Thr",NA
"p.Arg144Ile",NA
"p.Arg144Leu",0.984
"p.Arg144Lys",NA
"p.Arg144Gly",0.975
"p.Arg144Tyr",NA
"p.Arg144Asn",NA
"p.Arg144Cys",0.905
"p.Arg144Pro",0.99
"p.Arg144Glu",NA
"p.Arg144Met",NA
"p.Arg144Trp",NA
"p.Arg144His",0.933
"p.Arg144Gln",NA
"p.Arg144*",NA
"p.Leu145Ser",0.798
"p.Leu145Ala",NA
"p.Leu145Val",0.564
"p.Leu145Arg",NA
"p.Leu145Asp",NA
"p.Leu145Phe",0.867
"p.Leu145Thr",NA
"p.Leu145Ile",NA
"p.Leu145Leu",NA
"p.Leu145Lys",NA
"p.Leu145Gly",NA
"p.Leu145Tyr",NA
"p.Leu145Asn",NA
"p.Leu145Cys",NA
"p.Leu145Pro",NA
"p.Leu145Glu",NA
"p.Leu145Met",0.907
"p.Leu145Trp",0.903
"p.Leu145His",NA
"p.Leu145Gln",NA
"p.Leu145*",NA
"p.Ala146Ser",0.879
"p.Ala146Ala",NA
"p.Ala146Val",0.934
"p.Ala146Arg",NA
"p.Ala146Asp",0.991
"p.Ala146Phe",NA
"p.Ala146Thr",0.95
"p.Ala146Ile",NA
"p.Ala146Leu",NA
"p.Ala146Lys",NA
"p.Ala146Gly",0.879
"p.Ala146Tyr",NA
"p.Ala146Asn",NA
"p.Ala146Cys",NA
"p.Ala146Pro",0.997
"p.Ala146Glu",NA
"p.Ala146Met",NA
"p.Ala146Trp",NA
"p.Ala146His",NA
"p.Ala146Gln",NA
"p.Ala146*",NA
"p.Cys147Ser",0.988
"p.Cys147Ala",NA
"p.Cys147Val",NA
"p.Cys147Arg",0.998
"p.Cys147Asp",NA
"p.Cys147Phe",0.993
"p.Cys147Thr",NA
"p.Cys147Ile",NA
"p.Cys147Leu",NA
"p.Cys147Lys",NA
"p.Cys147Gly",0.984
"p.Cys147Tyr",0.991
"p.Cys147Asn",NA
"p.Cys147Cys",NA
"p.Cys147Pro",NA
"p.Cys147Glu",NA
"p.Cys147Met",NA
"p.Cys147Trp",0.983
"p.Cys147His",NA
"p.Cys147Gln",NA
"p.Cys147*",NA
"p.Gly148Ser",0.965
"p.Gly148Ala",0.924
"p.Gly148Val",0.991
"p.Gly148Arg",0.996
"p.Gly148Asp",0.993
"p.Gly148Phe",NA
"p.Gly148Thr",NA
"p.Gly148Ile",NA
"p.Gly148Leu",NA
"p.Gly148Lys",NA
"p.Gly148Gly",NA
"p.Gly148Tyr",NA
"p.Gly148Asn",NA
"p.Gly148Cys",0.977
"p.Gly148Pro",NA
"p.Gly148Glu",NA
"p.Gly148Met",NA
"p.Gly148Trp",NA
"p.Gly148His",NA
"p.Gly148Gln",NA
"p.Gly148*",NA
"p.Val149Ser",NA
"p.Val149Ala",0.934
"p.Val149Val",NA
"p.Val149Arg",NA
"p.Val149Asp",NA
"p.Val149Phe",NA
"p.Val149Thr",NA
"p.Val149Ile",0.515
"p.Val149Leu",0.899
"p.Val149Lys",NA
"p.Val149Gly",0.98
"p.Val149Tyr",NA
"p.Val149Asn",NA
"p.Val149Cys",NA
"p.Val149Pro",NA
"p.Val149Glu",0.961
"p.Val149Met",NA
"p.Val149Trp",NA
"p.Val149His",NA
"p.Val149Gln",NA
"p.Val149*",NA
"p.Ile150Ser",0.992
"p.Ile150Ala",NA
"p.Ile150Val",0.454
"p.Ile150Arg",NA
"p.Ile150Asp",NA
"p.Ile150Phe",0.966
"p.Ile150Thr",0.987
"p.Ile150Ile",NA
"p.Ile150Leu",0.951
"p.Ile150Lys",NA
"p.Ile150Gly",NA
"p.Ile150Tyr",NA
"p.Ile150Asn",0.994
"p.Ile150Cys",NA
"p.Ile150Pro",NA
"p.Ile150Glu",NA
"p.Ile150Met",0.982
"p.Ile150Trp",NA
"p.Ile150His",NA
"p.Ile150Gln",NA
"p.Ile150*",NA
"p.Gly151Ser",NA
"p.Gly151Ala",0.907
"p.Gly151Val",0.987
"p.Gly151Arg",0.971
"p.Gly151Asp",NA
"p.Gly151Phe",NA
"p.Gly151Thr",NA
"p.Gly151Ile",NA
"p.Gly151Leu",NA
"p.Gly151Lys",NA
"p.Gly151Gly",NA
"p.Gly151Tyr",NA
"p.Gly151Asn",NA
"p.Gly151Cys",NA
"p.Gly151Pro",NA
"p.Gly151Glu",0.984
"p.Gly151Met",NA
"p.Gly151Trp",0.974
"p.Gly151His",NA
"p.Gly151Gln",NA
"p.Gly151*",NA
"p.Ile152Ser",0.946
"p.Ile152Ala",NA
"p.Ile152Val",0.491
"p.Ile152Arg",NA
"p.Ile152Asp",NA
"p.Ile152Phe",0.779
"p.Ile152Thr",0.889
"p.Ile152Ile",NA
"p.Ile152Leu",0.72
"p.Ile152Lys",NA
"p.Ile152Gly",NA
"p.Ile152Tyr",NA
"p.Ile152Asn",0.975
"p.Ile152Cys",NA
"p.Ile152Pro",NA
"p.Ile152Glu",NA
"p.Ile152Met",0.85
"p.Ile152Trp",NA
"p.Ile152His",NA
"p.Ile152Gln",NA
"p.Ile152*",NA
"p.Ala153Ser",0.379
"p.Ala153Ala",NA
"p.Ala153Val",0.517
"p.Ala153Arg",NA
"p.Ala153Asp",0.912
"p.Ala153Phe",NA
"p.Ala153Thr",0.31
"p.Ala153Ile",NA
"p.Ala153Leu",NA
"p.Ala153Lys",NA
"p.Ala153Gly",0.793
"p.Ala153Tyr",NA
"p.Ala153Asn",NA
"p.Ala153Cys",NA
"p.Ala153Pro",0.892
"p.Ala153Glu",NA
"p.Ala153Met",NA
"p.Ala153Trp",NA
"p.Ala153His",NA
"p.Ala153Gln",NA
"p.Ala153*",NA
"p.Gln154Ser",NA
"p.Gln154Ala",NA
"p.Gln154Val",NA
"p.Gln154Arg",0.643
"p.Gln154Asp",NA
"p.Gln154Phe",NA
"p.Gln154Thr",NA
"p.Gln154Ile",NA
"p.Gln154Leu",0.664
"p.Gln154Lys",0.487
"p.Gln154Gly",NA
"p.Gln154Tyr",NA
"p.Gln154Asn",NA
"p.Gln154Cys",NA
"p.Gln154Pro",0.811
"p.Gln154Glu",0.636
"p.Gln154Met",NA
"p.Gln154Trp",NA
"p.Gln154His",0.569
"p.Gln154Gln",NA
"p.Gln154*",NA
