"hgvs_pro","score","pos"
"p.Met1Lys",11.335,1
"p.Met1Arg",12.422,1
"p.Met1His",12.477,1
"p.Met1Glu",11.588,1
"p.Met1Asp",12.112,1
"p.Met1Asn",11.8,1
"p.Met1Gln",11.569,1
"p.Met1Thr",10.513,1
"p.Met1Ser",9.691,1
"p.Met1Cys",11.806,1
"p.Met1Gly",10.399,1
"p.Met1Ala",9.938,1
"p.Met1Val",9.808,1
"p.Met1Leu",10.651,1
"p.Met1Ile",11.483,1
"p.Met1Met",0,1
"p.Met1Pro",10.919,1
"p.Met1Tyr",12.721,1
"p.Met1Phe",11.563,1
"p.Met1Trp",15.222,1
"p.Ala2Lys",8.527,2
"p.Ala2Arg",9.864,2
"p.Ala2His",10.357,2
"p.Ala2Glu",8.226,2
"p.Ala2Asp",9.19,2
"p.Ala2Asn",8.367,2
"p.Ala2Gln",9.09,2
"p.Ala2Thr",3.879,2
"p.Ala2Ser",3.227,2
"p.Ala2Cys",6.712,2
"p.Ala2Gly",5.219,2
"p.Ala2Ala",0,2
"p.Ala2Val",3.141,2
"p.Ala2Leu",8.118,2
"p.Ala2Ile",8.728,2
"p.Ala2Met",7.132,2
"p.Ala2Pro",4.135,2
"p.Ala2Tyr",10.746,2
"p.Ala2Phe",10.15,2
"p.Ala2Trp",12.367,2
"p.Thr3Lys",4.97,3
"p.Thr3Arg",6.692,3
"p.Thr3His",6.378,3
"p.Thr3Glu",6.201,3
"p.Thr3Asp",7.836,3
"p.Thr3Asn",5.511,3
"p.Thr3Gln",3.491,3
"p.Thr3Thr",0,3
"p.Thr3Ser",3.802,3
"p.Thr3Cys",6.118,3
"p.Thr3Gly",5.481,3
"p.Thr3Ala",2.653,3
"p.Thr3Val",1.406,3
"p.Thr3Leu",2.12,3
"p.Thr3Ile",3.442,3
"p.Thr3Met",3.336,3
"p.Thr3Pro",5.956,3
"p.Thr3Tyr",5.747,3
"p.Thr3Phe",4.597,3
"p.Thr3Trp",9.034,3
"p.Lys4Lys",0,4
"p.Lys4Arg",5.219,4
"p.Lys4His",8.077,4
"p.Lys4Glu",10.814,4
"p.Lys4Asp",12.726,4
"p.Lys4Asn",8.109,4
"p.Lys4Gln",7.336,4
"p.Lys4Thr",6.898,4
"p.Lys4Ser",6.914,4
"p.Lys4Cys",10.785,4
"p.Lys4Gly",10.04,4
"p.Lys4Ala",8.592,4
"p.Lys4Val",9.489,4
"p.Lys4Leu",10.23,4
"p.Lys4Ile",10.672,4
"p.Lys4Met",9.769,4
"p.Lys4Pro",10.574,4
"p.Lys4Tyr",10.24,4
"p.Lys4Phe",11.182,4
"p.Lys4Trp",13.205,4
"p.Ala5Lys",14.907,5
"p.Ala5Arg",15.442,5
"p.Ala5His",15.649,5
"p.Ala5Glu",15.397,5
"p.Ala5Asp",16.524,5
"p.Ala5Asn",15.308,5
"p.Ala5Gln",14.672,5
"p.Ala5Thr",9.703,5
"p.Ala5Ser",8.515,5
"p.Ala5Cys",9.041,5
"p.Ala5Gly",9.485,5
"p.Ala5Ala",0,5
"p.Ala5Val",8,5
"p.Ala5Leu",11.805,5
"p.Ala5Ile",10.928,5
"p.Ala5Met",13.319,5
"p.Ala5Pro",14.236,5
"p.Ala5Tyr",13.975,5
"p.Ala5Phe",12.98,5
"p.Ala5Trp",17.075,5
"p.Val6Lys",10.989,6
"p.Val6Arg",11.827,6
"p.Val6His",9.881,6
"p.Val6Glu",11.678,6
"p.Val6Asp",13.908,6
"p.Val6Asn",11.299,6
"p.Val6Gln",9.925,6
"p.Val6Thr",8.596,6
"p.Val6Ser",9.636,6
"p.Val6Cys",10.357,6
"p.Val6Gly",12.766,6
"p.Val6Ala",7.9,6
"p.Val6Val",0,6
"p.Val6Leu",7.737,6
"p.Val6Ile",5.742,6
"p.Val6Met",9.87,6
"p.Val6Pro",15.274,6
"p.Val6Tyr",9.444,6
"p.Val6Phe",8.727,6
"p.Val6Trp",13.001,6
"p.Cys7Lys",16.629,7
"p.Cys7Arg",17.023,7
"p.Cys7His",15.448,7
"p.Cys7Glu",14.485,7
"p.Cys7Asp",15.043,7
"p.Cys7Asn",13.065,7
"p.Cys7Gln",14.227,7
"p.Cys7Thr",8.353,7
"p.Cys7Ser",7.787,7
"p.Cys7Cys",0,7
"p.Cys7Gly",9.782,7
"p.Cys7Ala",3.794,7
"p.Cys7Val",5.965,7
"p.Cys7Leu",10.396,7
"p.Cys7Ile",8.804,7
"p.Cys7Met",12.393,7
"p.Cys7Pro",13.578,7
"p.Cys7Tyr",13.897,7
"p.Cys7Phe",11.441,7
"p.Cys7Trp",16.353,7
"p.Val8Lys",11.817,8
"p.Val8Arg",11.907,8
"p.Val8His",10.922,8
"p.Val8Glu",11.334,8
"p.Val8Asp",13.515,8
"p.Val8Asn",11.532,8
"p.Val8Gln",10.659,8
"p.Val8Thr",8.977,8
"p.Val8Ser",9.08,8
"p.Val8Cys",7.432,8
"p.Val8Gly",11.536,8
"p.Val8Ala",7.345,8
"p.Val8Val",0,8
"p.Val8Leu",7.963,8
"p.Val8Ile",6.222,8
"p.Val8Met",10.18,8
"p.Val8Pro",16.09,8
"p.Val8Tyr",9.381,8
"p.Val8Phe",9.417,8
"p.Val8Trp",12.022,8
"p.Leu9Lys",14.838,9
"p.Leu9Arg",15.269,9
"p.Leu9His",15.269,9
"p.Leu9Glu",15.097,9
"p.Leu9Asp",16.334,9
"p.Leu9Asn",14.432,9
"p.Leu9Gln",13.017,9
"p.Leu9Thr",11.174,9
"p.Leu9Ser",11.066,9
"p.Leu9Cys",8.529,9
"p.Leu9Gly",11.767,9
"p.Leu9Ala",9.521,9
"p.Leu9Val",7.083,9
"p.Leu9Leu",0,9
"p.Leu9Ile",5.93,9
"p.Leu9Met",5.91,9
"p.Leu9Pro",14.246,9
"p.Leu9Tyr",12.819,9
"p.Leu9Phe",8.031,9
"p.Leu9Trp",13.761,9
"p.Lys10Lys",0,10
"p.Lys10Arg",5.497,10
"p.Lys10His",7.667,10
"p.Lys10Glu",10.578,10
"p.Lys10Asp",11.399,10
"p.Lys10Asn",6.447,10
"p.Lys10Gln",6.544,10
"p.Lys10Thr",6.244,10
"p.Lys10Ser",6.705,10
"p.Lys10Cys",10.415,10
"p.Lys10Gly",9.501,10
"p.Lys10Ala",8.061,10
"p.Lys10Val",7.991,10
"p.Lys10Leu",8.943,10
"p.Lys10Ile",8.619,10
"p.Lys10Met",9.557,10
"p.Lys10Pro",10.945,10
"p.Lys10Tyr",9.317,10
"p.Lys10Phe",10.281,10
"p.Lys10Trp",12.014,10
"p.Gly11Lys",8.966,11
"p.Gly11Arg",11.336,11
"p.Gly11His",12.187,11
"p.Gly11Glu",10.538,11
"p.Gly11Asp",10.2,11
"p.Gly11Asn",7.806,11
"p.Gly11Gln",10.05,11
"p.Gly11Thr",9.256,11
"p.Gly11Ser",6.963,11
"p.Gly11Cys",12.131,11
"p.Gly11Gly",0,11
"p.Gly11Ala",7.166,11
"p.Gly11Val",11.11,11
"p.Gly11Leu",12.156,11
"p.Gly11Ile",12.024,11
"p.Gly11Met",13.12,11
"p.Gly11Pro",8.869,11
"p.Gly11Tyr",13.681,11
"p.Gly11Phe",13.371,11
"p.Gly11Trp",15.121,11
"p.Asp12Lys",6.257,12
"p.Asp12Arg",9.752,12
"p.Asp12His",8.807,12
"p.Asp12Glu",5.825,12
"p.Asp12Asp",0,12
"p.Asp12Asn",3.487,12
"p.Asp12Gln",6.261,12
"p.Asp12Thr",3.918,12
"p.Asp12Ser",3.769,12
"p.Asp12Cys",10.014,12
"p.Asp12Gly",6.231,12
"p.Asp12Ala",5.325,12
"p.Asp12Val",7.535,12
"p.Asp12Leu",8.952,12
"p.Asp12Ile",9.16,12
"p.Asp12Met",10.095,12
"p.Asp12Pro",6.677,12
"p.Asp12Tyr",11.059,12
"p.Asp12Phe",10.676,12
"p.Asp12Trp",13.658,12
"p.Gly13Lys",7.806,13
"p.Gly13Arg",11.18,13
"p.Gly13His",10.187,13
"p.Gly13Glu",10.025,13
"p.Gly13Asp",10.241,13
"p.Gly13Asn",7.787,13
"p.Gly13Gln",9.211,13
"p.Gly13Thr",6.868,13
"p.Gly13Ser",3.933,13
"p.Gly13Cys",9.867,13
"p.Gly13Gly",0,13
"p.Gly13Ala",6.847,13
"p.Gly13Val",10.625,13
"p.Gly13Leu",10.781,13
"p.Gly13Ile",12.291,13
"p.Gly13Met",12.462,13
"p.Gly13Pro",9.052,13
"p.Gly13Tyr",11.503,13
"p.Gly13Phe",11.979,13
"p.Gly13Trp",14.464,13
"p.Pro14Lys",3.993,14
"p.Pro14Arg",8.073,14
"p.Pro14His",7.209,14
"p.Pro14Glu",5.589,14
"p.Pro14Asp",4.543,14
"p.Pro14Asn",3.737,14
"p.Pro14Gln",5.531,14
"p.Pro14Thr",4.433,14
"p.Pro14Ser",3.564,14
"p.Pro14Cys",9.382,14
"p.Pro14Gly",4.375,14
"p.Pro14Ala",4.235,14
"p.Pro14Val",6.911,14
"p.Pro14Leu",8.106,14
"p.Pro14Ile",8.729,14
"p.Pro14Met",10.224,14
"p.Pro14Pro",0,14
"p.Pro14Tyr",9.776,14
"p.Pro14Phe",9.705,14
"p.Pro14Trp",13.337,14
"p.Val15Lys",10.338,15
"p.Val15Arg",12.511,15
"p.Val15His",12.094,15
"p.Val15Glu",12.305,15
"p.Val15Asp",13.723,15
"p.Val15Asn",11.289,15
"p.Val15Gln",9.287,15
"p.Val15Thr",8.025,15
"p.Val15Ser",9.159,15
"p.Val15Cys",8.835,15
"p.Val15Gly",11.054,15
"p.Val15Ala",7.607,15
"p.Val15Val",0,15
"p.Val15Leu",7.853,15
"p.Val15Ile",5.488,15
"p.Val15Met",10.513,15
"p.Val15Pro",11.066,15
"p.Val15Tyr",12.09,15
"p.Val15Phe",10.102,15
"p.Val15Trp",15.127,15
"p.Gln16Lys",2.885,16
"p.Gln16Arg",5.663,16
"p.Gln16His",6.349,16
"p.Gln16Glu",4.526,16
"p.Gln16Asp",6.815,16
"p.Gln16Asn",5.201,16
"p.Gln16Gln",0,16
"p.Gln16Thr",3.03,16
"p.Gln16Ser",3.401,16
"p.Gln16Cys",7.645,16
"p.Gln16Gly",7.302,16
"p.Gln16Ala",5.188,16
"p.Gln16Val",5.82,16
"p.Gln16Leu",6.554,16
"p.Gln16Ile",6.831,16
"p.Gln16Met",7.236,16
"p.Gln16Pro",9.426,16
"p.Gln16Tyr",7.661,16
"p.Gln16Phe",8.236,16
"p.Gln16Trp",10.538,16
"p.Gly17Lys",15.406,17
"p.Gly17Arg",13.241,17
"p.Gly17His",16.84,17
"p.Gly17Glu",12.967,17
"p.Gly17Asp",11.363,17
"p.Gly17Asn",14.436,17
"p.Gly17Gln",14.897,17
"p.Gly17Thr",13.968,17
"p.Gly17Ser",11.07,17
"p.Gly17Cys",12.005,17
"p.Gly17Gly",0,17
"p.Gly17Ala",10.782,17
"p.Gly17Val",13.464,17
"p.Gly17Leu",16.389,17
"p.Gly17Ile",16.114,17
"p.Gly17Met",17.913,17
"p.Gly17Pro",16.473,17
"p.Gly17Tyr",17.291,17
"p.Gly17Phe",17.154,17
"p.Gly17Trp",16.238,17
"p.Ile18Lys",7.506,18
"p.Ile18Arg",9.084,18
"p.Ile18His",7.971,18
"p.Ile18Glu",4.206,18
"p.Ile18Asp",6.988,18
"p.Ile18Asn",6.958,18
"p.Ile18Gln",5.516,18
"p.Ile18Thr",2.18,18
"p.Ile18Ser",4.927,18
"p.Ile18Cys",7.239,18
"p.Ile18Gly",9.518,18
"p.Ile18Ala",6.325,18
"p.Ile18Val",2.92,18
"p.Ile18Leu",5.515,18
"p.Ile18Ile",0,18
"p.Ile18Met",6.657,18
"p.Ile18Pro",11.042,18
"p.Ile18Tyr",7.645,18
"p.Ile18Phe",6.92,18
"p.Ile18Trp",9.618,18
"p.Ile19Lys",14.098,19
"p.Ile19Arg",15.266,19
"p.Ile19His",15.78,19
"p.Ile19Glu",14.308,19
"p.Ile19Asp",14.86,19
"p.Ile19Asn",14.625,19
"p.Ile19Gln",15.357,19
"p.Ile19Thr",11.424,19
"p.Ile19Ser",13.654,19
"p.Ile19Cys",11.207,19
"p.Ile19Gly",14.271,19
"p.Ile19Ala",11.049,19
"p.Ile19Val",2.908,19
"p.Ile19Leu",5.111,19
"p.Ile19Ile",0,19
"p.Ile19Met",8.524,19
"p.Ile19Pro",14.036,19
"p.Ile19Tyr",13.797,19
"p.Ile19Phe",8.831,19
"p.Ile19Trp",14.324,19
"p.Asn20Lys",4.529,20
"p.Asn20Arg",3.416,20
"p.Asn20His",1.531,20
"p.Asn20Glu",1.706,20
"p.Asn20Asp",3.376,20
"p.Asn20Asn",0,20
"p.Asn20Gln",2.537,20
"p.Asn20Thr",2.166,20
"p.Asn20Ser",2.641,20
"p.Asn20Cys",4.846,20
"p.Asn20Gly",6.869,20
"p.Asn20Ala",4.775,20
"p.Asn20Val",4.592,20
"p.Asn20Leu",3.673,20
"p.Asn20Ile",4.299,20
"p.Asn20Met",5.446,20
"p.Asn20Pro",10.98,20
"p.Asn20Tyr",0.664,20
"p.Asn20Phe",2.114,20
"p.Asn20Trp",5.235,20
"p.Phe21Lys",16.016,21
"p.Phe21Arg",16.285,21
"p.Phe21His",16.224,21
"p.Phe21Glu",16.025,21
"p.Phe21Asp",16.967,21
"p.Phe21Asn",16.212,21
"p.Phe21Gln",16.041,21
"p.Phe21Thr",14.783,21
"p.Phe21Ser",14.376,21
"p.Phe21Cys",12.603,21
"p.Phe21Gly",15.046,21
"p.Phe21Ala",13.714,21
"p.Phe21Val",9.991,21
"p.Phe21Leu",5.801,21
"p.Phe21Ile",8.444,21
"p.Phe21Met",8.64,21
"p.Phe21Pro",15.427,21
"p.Phe21Tyr",12.251,21
"p.Phe21Phe",0,21
"p.Phe21Trp",9.973,21
"p.Glu22Lys",9.939,22
"p.Glu22Arg",11.242,22
"p.Glu22His",9.003,22
"p.Glu22Glu",0,22
"p.Glu22Asp",5.919,22
"p.Glu22Asn",8.187,22
"p.Glu22Gln",6.732,22
"p.Glu22Thr",6.027,22
"p.Glu22Ser",6.774,22
"p.Glu22Cys",9.82,22
"p.Glu22Gly",10.057,22
"p.Glu22Ala",7.806,22
"p.Glu22Val",6.719,22
"p.Glu22Leu",8.072,22
"p.Glu22Ile",7.521,22
"p.Glu22Met",9.151,22
"p.Glu22Pro",13.196,22
"p.Glu22Tyr",7.818,22
"p.Glu22Phe",7.728,22
"p.Glu22Trp",7.123,22
"p.Gln23Lys",10.241,23
"p.Gln23Arg",10.722,23
"p.Gln23His",9.908,23
"p.Gln23Glu",9.615,23
"p.Gln23Asp",12.427,23
"p.Gln23Asn",11.157,23
"p.Gln23Gln",0,23
"p.Gln23Thr",10.017,23
"p.Gln23Ser",9.791,23
"p.Gln23Cys",12.895,23
"p.Gln23Gly",12.342,23
"p.Gln23Ala",10.205,23
"p.Gln23Val",10.791,23
"p.Gln23Leu",10.794,23
"p.Gln23Ile",11.46,23
"p.Gln23Met",11.361,23
"p.Gln23Pro",11.161,23
"p.Gln23Tyr",13.443,23
"p.Gln23Phe",13.467,23
"p.Gln23Trp",15.171,23
"p.Lys24Lys",0,24
"p.Lys24Arg",4.544,24
"p.Lys24His",4.986,24
"p.Lys24Glu",2.57,24
"p.Lys24Asp",3.426,24
"p.Lys24Asn",3.235,24
"p.Lys24Gln",2.912,24
"p.Lys24Thr",1.801,24
"p.Lys24Ser",1.598,24
"p.Lys24Cys",3.805,24
"p.Lys24Gly",2.315,24
"p.Lys24Ala",1.045,24
"p.Lys24Val",2.333,24
"p.Lys24Leu",3.305,24
"p.Lys24Ile",3.865,24
"p.Lys24Met",4.923,24
"p.Lys24Pro",3.563,24
"p.Lys24Tyr",5.525,24
"p.Lys24Phe",4.948,24
"p.Lys24Trp",7.341,24
"p.Glu25Lys",5.824,25
"p.Glu25Arg",7.642,25
"p.Glu25His",6.385,25
"p.Glu25Glu",0,25
"p.Glu25Asp",1.167,25
"p.Glu25Asn",2.958,25
"p.Glu25Gln",5.378,25
"p.Glu25Thr",3.386,25
"p.Glu25Ser",2.135,25
"p.Glu25Cys",6.669,25
"p.Glu25Gly",1.729,25
"p.Glu25Ala",3.872,25
"p.Glu25Val",6.102,25
"p.Glu25Leu",6.263,25
"p.Glu25Ile",7.164,25
"p.Glu25Met",8.073,25
"p.Glu25Pro",5.676,25
"p.Glu25Tyr",7.412,25
"p.Glu25Phe",7.505,25
"p.Glu25Trp",10.174,25
"p.Ser26Lys",3.704,26
"p.Ser26Arg",7.594,26
"p.Ser26His",7.445,26
"p.Ser26Glu",1.599,26
"p.Ser26Asp",1.837,26
"p.Ser26Asn",4.014,26
"p.Ser26Gln",4.77,26
"p.Ser26Thr",4.045,26
"p.Ser26Ser",0,26
"p.Ser26Cys",8.822,26
"p.Ser26Gly",2.938,26
"p.Ser26Ala",2.616,26
"p.Ser26Val",5.26,26
"p.Ser26Leu",5.785,26
"p.Ser26Ile",6.519,26
"p.Ser26Met",7.418,26
"p.Ser26Pro",2.353,26
"p.Ser26Tyr",8.097,26
"p.Ser26Phe",7.48,26
"p.Ser26Trp",10.062,26
"p.Asn27Lys",4.368,27
"p.Asn27Arg",6.732,27
"p.Asn27His",6.437,27
"p.Asn27Glu",4.818,27
"p.Asn27Asp",4.12,27
"p.Asn27Asn",0,27
"p.Asn27Gln",5.324,27
"p.Asn27Thr",4.662,27
"p.Asn27Ser",3.149,27
"p.Asn27Cys",7.402,27
"p.Asn27Gly",2.923,27
"p.Asn27Ala",4.758,27
"p.Asn27Val",6.586,27
"p.Asn27Leu",6.694,27
"p.Asn27Ile",7.817,27
"p.Asn27Met",8.158,27
"p.Asn27Pro",6.684,27
"p.Asn27Tyr",7.666,27
"p.Asn27Phe",7.192,27
"p.Asn27Trp",10.248,27
"p.Gly28Lys",5.828,28
"p.Gly28Arg",7.862,28
"p.Gly28His",8.392,28
"p.Gly28Glu",7.334,28
"p.Gly28Asp",7.989,28
"p.Gly28Asn",7.127,28
"p.Gly28Gln",6.915,28
"p.Gly28Thr",5.218,28
"p.Gly28Ser",4.128,28
"p.Gly28Cys",6.7,28
"p.Gly28Gly",0,28
"p.Gly28Ala",3.896,28
"p.Gly28Val",6.454,28
"p.Gly28Leu",7.272,28
"p.Gly28Ile",8.171,28
"p.Gly28Met",9.594,28
"p.Gly28Pro",7.455,28
"p.Gly28Tyr",9.745,28
"p.Gly28Phe",9.488,28
"p.Gly28Trp",13.26,28
"p.Pro29Lys",5.707,29
"p.Pro29Arg",7.233,29
"p.Pro29His",7.625,29
"p.Pro29Glu",7.477,29
"p.Pro29Asp",7.758,29
"p.Pro29Asn",6.172,29
"p.Pro29Gln",7.039,29
"p.Pro29Thr",5.294,29
"p.Pro29Ser",5.465,29
"p.Pro29Cys",7.657,29
"p.Pro29Gly",5.369,29
"p.Pro29Ala",5.602,29
"p.Pro29Val",5.79,29
"p.Pro29Leu",6.034,29
"p.Pro29Ile",6.406,29
"p.Pro29Met",7.446,29
"p.Pro29Pro",0,29
"p.Pro29Tyr",8.284,29
"p.Pro29Phe",7.281,29
"p.Pro29Trp",10.223,29
"p.Val30Lys",11.191,30
"p.Val30Arg",12.695,30
"p.Val30His",13.381,30
"p.Val30Glu",12.783,30
"p.Val30Asp",13.629,30
"p.Val30Asn",11.791,30
"p.Val30Gln",12.323,30
"p.Val30Thr",6.029,30
"p.Val30Ser",9.208,30
"p.Val30Cys",8.033,30
"p.Val30Gly",12.475,30
"p.Val30Ala",7.879,30
"p.Val30Val",0,30
"p.Val30Leu",5.51,30
"p.Val30Ile",6.789,30
"p.Val30Met",8.623,30
"p.Val30Pro",12.569,30
"p.Val30Tyr",12.689,30
"p.Val30Phe",10.831,30
"p.Val30Trp",15.131,30
"p.Lys31Lys",0,31
"p.Lys31Arg",5.313,31
"p.Lys31His",5.646,31
"p.Lys31Glu",8.516,31
"p.Lys31Asp",10.976,31
"p.Lys31Asn",7.203,31
"p.Lys31Gln",6.944,31
"p.Lys31Thr",4.872,31
"p.Lys31Ser",5.982,31
"p.Lys31Cys",9.271,31
"p.Lys31Gly",10.675,31
"p.Lys31Ala",8.085,31
"p.Lys31Val",7.005,31
"p.Lys31Leu",7.465,31
"p.Lys31Ile",7.148,31
"p.Lys31Met",8.233,31
"p.Lys31Pro",14.402,31
"p.Lys31Tyr",7.697,31
"p.Lys31Phe",8.126,31
"p.Lys31Trp",9.404,31
"p.Val32Lys",13.303,32
"p.Val32Arg",12.975,32
"p.Val32His",13.659,32
"p.Val32Glu",12.868,32
"p.Val32Asp",14.359,32
"p.Val32Asn",12.887,32
"p.Val32Gln",13.086,32
"p.Val32Thr",9.447,32
"p.Val32Ser",11.237,32
"p.Val32Cys",9.96,32
"p.Val32Gly",12.725,32
"p.Val32Ala",9.684,32
"p.Val32Val",0,32
"p.Val32Leu",5.563,32
"p.Val32Ile",4.094,32
"p.Val32Met",7.598,32
"p.Val32Pro",13.875,32
"p.Val32Tyr",11.47,32
"p.Val32Phe",7.434,32
"p.Val32Trp",12.126,32
"p.Trp33Lys",-2.009,33
"p.Trp33Arg",0.41,33
"p.Trp33His",-0.831,33
"p.Trp33Glu",-1.12,33
"p.Trp33Asp",1.705,33
"p.Trp33Asn",-0.963,33
"p.Trp33Gln",-0.948,33
"p.Trp33Thr",-3.757,33
"p.Trp33Ser",-3.559,33
"p.Trp33Cys",2.491,33
"p.Trp33Gly",1.46,33
"p.Trp33Ala",-0.121,33
"p.Trp33Val",-0.531,33
"p.Trp33Leu",1.628,33
"p.Trp33Ile",0.486,33
"p.Trp33Met",1.889,33
"p.Trp33Pro",7.392,33
"p.Trp33Tyr",1.411,33
"p.Trp33Phe",1.166,33
"p.Trp33Trp",0,33
"p.Gly34Lys",15.895,34
"p.Gly34Arg",14.182,34
"p.Gly34His",16.923,34
"p.Gly34Glu",14.998,34
"p.Gly34Asp",14.982,34
"p.Gly34Asn",16.253,34
"p.Gly34Gln",16.798,34
"p.Gly34Thr",12.475,34
"p.Gly34Ser",10.668,34
"p.Gly34Cys",9.984,34
"p.Gly34Gly",0,34
"p.Gly34Ala",8.21,34
"p.Gly34Val",10,34
"p.Gly34Leu",12.901,34
"p.Gly34Ile",11.927,34
"p.Gly34Met",13.833,34
"p.Gly34Pro",15.697,34
"p.Gly34Tyr",14.195,34
"p.Gly34Phe",12.214,34
"p.Gly34Trp",13.952,34
"p.Ser35Lys",2.993,35
"p.Ser35Arg",4.724,35
"p.Ser35His",3.794,35
"p.Ser35Glu",4.432,35
"p.Ser35Asp",6.144,35
"p.Ser35Asn",3.852,35
"p.Ser35Gln",4.359,35
"p.Ser35Thr",2.351,35
"p.Ser35Ser",0,35
"p.Ser35Cys",8.647,35
"p.Ser35Gly",8.156,35
"p.Ser35Ala",6.253,35
"p.Ser35Val",5.699,35
"p.Ser35Leu",7.834,35
"p.Ser35Ile",6.762,35
"p.Ser35Met",7.657,35
"p.Ser35Pro",11.073,35
"p.Ser35Tyr",6.788,35
"p.Ser35Phe",7.361,35
"p.Ser35Trp",8.862,35
"p.Ile36Lys",14.199,36
"p.Ile36Arg",14.564,36
"p.Ile36His",15.739,36
"p.Ile36Glu",14.415,36
"p.Ile36Asp",14.655,36
"p.Ile36Asn",14.565,36
"p.Ile36Gln",14.544,36
"p.Ile36Thr",11.085,36
"p.Ile36Ser",13.245,36
"p.Ile36Cys",11.253,36
"p.Ile36Gly",12.724,36
"p.Ile36Ala",9.19,36
"p.Ile36Val",4.277,36
"p.Ile36Leu",5.621,36
"p.Ile36Ile",0,36
"p.Ile36Met",9.958,36
"p.Ile36Pro",12.483,36
"p.Ile36Tyr",12.989,36
"p.Ile36Phe",9.059,36
"p.Ile36Trp",15.017,36
"p.Lys37Lys",0,37
"p.Lys37Arg",4.888,37
"p.Lys37His",5.304,37
"p.Lys37Glu",6.792,37
"p.Lys37Asp",8.611,37
"p.Lys37Asn",6.365,37
"p.Lys37Gln",6.316,37
"p.Lys37Thr",3.231,37
"p.Lys37Ser",3.451,37
"p.Lys37Cys",9,37
"p.Lys37Gly",9.043,37
"p.Lys37Ala",7.331,37
"p.Lys37Val",8.442,37
"p.Lys37Leu",9.356,37
"p.Lys37Ile",9.148,37
"p.Lys37Met",10.387,37
"p.Lys37Pro",10.555,37
"p.Lys37Tyr",8.031,37
"p.Lys37Phe",9.059,37
"p.Lys37Trp",10.697,37
"p.Gly38Lys",9.286,38
"p.Gly38Arg",11.103,38
"p.Gly38His",9.763,38
"p.Gly38Glu",11.896,38
"p.Gly38Asp",10.053,38
"p.Gly38Asn",7.335,38
"p.Gly38Gln",10.945,38
"p.Gly38Thr",13.161,38
"p.Gly38Ser",9.737,38
"p.Gly38Cys",11.719,38
"p.Gly38Gly",0,38
"p.Gly38Ala",11.615,38
"p.Gly38Val",14.83,38
"p.Gly38Leu",15.294,38
"p.Gly38Ile",16.201,38
"p.Gly38Met",15.577,38
"p.Gly38Pro",13.961,38
"p.Gly38Tyr",14.455,38
"p.Gly38Phe",15.247,38
"p.Gly38Trp",16.843,38
"p.Leu39Lys",13.997,39
"p.Leu39Arg",14.591,39
"p.Leu39His",15.374,39
"p.Leu39Glu",15.149,39
"p.Leu39Asp",17.323,39
"p.Leu39Asn",15.668,39
"p.Leu39Gln",13.786,39
"p.Leu39Thr",14.017,39
"p.Leu39Ser",14.538,39
"p.Leu39Cys",12.491,39
"p.Leu39Gly",15.816,39
"p.Leu39Ala",13.861,39
"p.Leu39Val",9.67,39
"p.Leu39Leu",0,39
"p.Leu39Ile",8.896,39
"p.Leu39Met",9.933,39
"p.Leu39Pro",16.095,39
"p.Leu39Tyr",14.069,39
"p.Leu39Phe",10.126,39
"p.Leu39Trp",16.034,39
"p.Thr40Lys",5.716,40
"p.Thr40Arg",8.888,40
"p.Thr40His",10.071,40
"p.Thr40Glu",6.877,40
"p.Thr40Asp",8.706,40
"p.Thr40Asn",7.988,40
"p.Thr40Gln",8.195,40
"p.Thr40Thr",0,40
"p.Thr40Ser",5.134,40
"p.Thr40Cys",8.586,40
"p.Thr40Gly",8.296,40
"p.Thr40Ala",6.182,40
"p.Thr40Val",8.113,40
"p.Thr40Leu",9.78,40
"p.Thr40Ile",9.83,40
"p.Thr40Met",10.518,40
"p.Thr40Pro",6.876,40
"p.Thr40Tyr",12.629,40
"p.Thr40Phe",13.121,40
"p.Thr40Trp",15.633,40
"p.Glu41Lys",9.575,41
"p.Glu41Arg",12.527,41
"p.Glu41His",9.837,41
"p.Glu41Glu",0,41
"p.Glu41Asp",6.433,41
"p.Glu41Asn",9.067,41
"p.Glu41Gln",6.924,41
"p.Glu41Thr",8.889,41
"p.Glu41Ser",7.879,41
"p.Glu41Cys",12.65,41
"p.Glu41Gly",10.939,41
"p.Glu41Ala",6.602,41
"p.Glu41Val",9.543,41
"p.Glu41Leu",11.418,41
"p.Glu41Ile",11.95,41
"p.Glu41Met",13.103,41
"p.Glu41Pro",2.919,41
"p.Glu41Tyr",13.347,41
"p.Glu41Phe",13.701,41
"p.Glu41Trp",15.518,41
"p.Gly42Lys",14.838,42
"p.Gly42Arg",15.357,42
"p.Gly42His",16.822,42
"p.Gly42Glu",14.962,42
"p.Gly42Asp",12.432,42
"p.Gly42Asn",14.537,42
"p.Gly42Gln",16.218,42
"p.Gly42Thr",15.656,42
"p.Gly42Ser",12.811,42
"p.Gly42Cys",14.704,42
"p.Gly42Gly",0,42
"p.Gly42Ala",11.207,42
"p.Gly42Val",15.804,42
"p.Gly42Leu",17.731,42
"p.Gly42Ile",18.651,42
"p.Gly42Met",18.667,42
"p.Gly42Pro",18.741,42
"p.Gly42Tyr",17.707,42
"p.Gly42Phe",17.309,42
"p.Gly42Trp",17.859,42
"p.Leu43Lys",3.294,43
"p.Leu43Arg",7.257,43
"p.Leu43His",7.606,43
"p.Leu43Glu",4.074,43
"p.Leu43Asp",6.048,43
"p.Leu43Asn",5.717,43
"p.Leu43Gln",4.042,43
"p.Leu43Thr",5.183,43
"p.Leu43Ser",5.797,43
"p.Leu43Cys",9.874,43
"p.Leu43Gly",8.536,43
"p.Leu43Ala",5.611,43
"p.Leu43Val",5.436,43
"p.Leu43Leu",0,43
"p.Leu43Ile",7.044,43
"p.Leu43Met",7.153,43
"p.Leu43Pro",5.119,43
"p.Leu43Tyr",9.077,43
"p.Leu43Phe",7.836,43
"p.Leu43Trp",11.326,43
"p.His44Lys",10.192,44
"p.His44Arg",8.968,44
"p.His44His",0,44
"p.His44Glu",16.479,44
"p.His44Asp",16.454,44
"p.His44Asn",13.203,44
"p.His44Gln",13.312,44
"p.His44Thr",14.707,44
"p.His44Ser",14.506,44
"p.His44Cys",13.609,44
"p.His44Gly",15.75,44
"p.His44Ala",14.515,44
"p.His44Val",16.225,44
"p.His44Leu",14.13,44
"p.His44Ile",17.541,44
"p.His44Met",16.26,44
"p.His44Pro",19.102,44
"p.His44Tyr",11.161,44
"p.His44Phe",13.207,44
"p.His44Trp",17.598,44
"p.Gly45Lys",20.41,45
"p.Gly45Arg",16.15,45
"p.Gly45His",19.949,45
"p.Gly45Glu",17.346,45
"p.Gly45Asp",15.362,45
"p.Gly45Asn",17.599,45
"p.Gly45Gln",19.108,45
"p.Gly45Thr",15.996,45
"p.Gly45Ser",13.598,45
"p.Gly45Cys",13.784,45
"p.Gly45Gly",0,45
"p.Gly45Ala",10.976,45
"p.Gly45Val",15.053,45
"p.Gly45Leu",17.84,45
"p.Gly45Ile",19.389,45
"p.Gly45Met",19.731,45
"p.Gly45Pro",17.181,45
"p.Gly45Tyr",20.185,45
"p.Gly45Phe",17.439,45
"p.Gly45Trp",16.814,45
"p.Phe46Lys",18.929,46
"p.Phe46Arg",19.738,46
"p.Phe46His",18.961,46
"p.Phe46Glu",19.454,46
"p.Phe46Asp",18.974,46
"p.Phe46Asn",18.324,46
"p.Phe46Gln",19.114,46
"p.Phe46Thr",16.519,46
"p.Phe46Ser",15.731,46
"p.Phe46Cys",12.186,46
"p.Phe46Gly",16.574,46
"p.Phe46Ala",15.039,46
"p.Phe46Val",9.92,46
"p.Phe46Leu",6.567,46
"p.Phe46Ile",9.096,46
"p.Phe46Met",6.868,46
"p.Phe46Pro",19.456,46
"p.Phe46Tyr",12.822,46
"p.Phe46Phe",0,46
"p.Phe46Trp",11.91,46
"p.His47Lys",13.56,47
"p.His47Arg",12.748,47
"p.His47His",0,47
"p.His47Glu",15.385,47
"p.His47Asp",13.23,47
"p.His47Asn",9.381,47
"p.His47Gln",11.137,47
"p.His47Thr",12.66,47
"p.His47Ser",11.248,47
"p.His47Cys",13.948,47
"p.His47Gly",14.191,47
"p.His47Ala",12.106,47
"p.His47Val",15.366,47
"p.His47Leu",14.392,47
"p.His47Ile",15.128,47
"p.His47Met",15.365,47
"p.His47Pro",15.215,47
"p.His47Tyr",12.114,47
"p.His47Phe",14.537,47
"p.His47Trp",16.644,47
"p.Val48Lys",15.24,48
"p.Val48Arg",16.371,48
"p.Val48His",15.759,48
"p.Val48Glu",15.034,48
"p.Val48Asp",15.905,48
"p.Val48Asn",14.673,48
"p.Val48Gln",15.144,48
"p.Val48Thr",12.657,48
"p.Val48Ser",14.522,48
"p.Val48Cys",12.712,48
"p.Val48Gly",14.716,48
"p.Val48Ala",11.552,48
"p.Val48Val",0,48
"p.Val48Leu",7.626,48
"p.Val48Ile",4.292,48
"p.Val48Met",10.71,48
"p.Val48Pro",15.856,48
"p.Val48Tyr",14.916,48
"p.Val48Phe",11.59,48
"p.Val48Trp",16.69,48
"p.His49Lys",14.786,49
"p.His49Arg",10.813,49
"p.His49His",0,49
"p.His49Glu",15.871,49
"p.His49Asp",13.884,49
"p.His49Asn",11.239,49
"p.His49Gln",11.842,49
"p.His49Thr",15.844,49
"p.His49Ser",12.355,49
"p.His49Cys",14.521,49
"p.His49Gly",13.449,49
"p.His49Ala",13.748,49
"p.His49Val",14.969,49
"p.His49Leu",10.257,49
"p.His49Ile",14.395,49
"p.His49Met",14.211,49
"p.His49Pro",12.409,49
"p.His49Tyr",10.911,49
"p.His49Phe",13.653,49
"p.His49Trp",15.422,49
"p.Glu50Lys",7.026,50
"p.Glu50Arg",10.604,50
"p.Glu50His",9.432,50
"p.Glu50Glu",0,50
"p.Glu50Asp",8.056,50
"p.Glu50Asn",8.762,50
"p.Glu50Gln",4.523,50
"p.Glu50Thr",4.973,50
"p.Glu50Ser",6.455,50
"p.Glu50Cys",9.956,50
"p.Glu50Gly",8.762,50
"p.Glu50Ala",5.133,50
"p.Glu50Val",5.994,50
"p.Glu50Leu",10.198,50
"p.Glu50Ile",8.431,50
"p.Glu50Met",9.525,50
"p.Glu50Pro",12.178,50
"p.Glu50Tyr",11.452,50
"p.Glu50Phe",11.271,50
"p.Glu50Trp",13.392,50
"p.Phe51Lys",8.259,51
"p.Phe51Arg",11.09,51
"p.Phe51His",8.446,51
"p.Phe51Glu",11.394,51
"p.Phe51Asp",12.46,51
"p.Phe51Asn",8.725,51
"p.Phe51Gln",9.738,51
"p.Phe51Thr",10.37,51
"p.Phe51Ser",9.66,51
"p.Phe51Cys",8.345,51
"p.Phe51Gly",10.784,51
"p.Phe51Ala",9.08,51
"p.Phe51Val",10.135,51
"p.Phe51Leu",4.744,51
"p.Phe51Ile",11.48,51
"p.Phe51Met",6.891,51
"p.Phe51Pro",14.414,51
"p.Phe51Tyr",5.95,51
"p.Phe51Phe",0,51
"p.Phe51Trp",9.786,51
"p.Gly52Lys",11.418,52
"p.Gly52Arg",12.626,52
"p.Gly52His",15.569,52
"p.Gly52Glu",14.081,52
"p.Gly52Asp",14.641,52
"p.Gly52Asn",13.556,52
"p.Gly52Gln",13.754,52
"p.Gly52Thr",14.182,52
"p.Gly52Ser",12.143,52
"p.Gly52Cys",13.717,52
"p.Gly52Gly",0,52
"p.Gly52Ala",9.984,52
"p.Gly52Val",14.508,52
"p.Gly52Leu",14.647,52
"p.Gly52Ile",17.813,52
"p.Gly52Met",15.416,52
"p.Gly52Pro",14.972,52
"p.Gly52Tyr",17.355,52
"p.Gly52Phe",16.086,52
"p.Gly52Trp",18.682,52
"p.Asp53Lys",15.535,53
"p.Asp53Arg",18.5,53
"p.Asp53His",16.199,53
"p.Asp53Glu",10.68,53
"p.Asp53Asp",0,53
"p.Asp53Asn",10.523,53
"p.Asp53Gln",14.621,53
"p.Asp53Thr",14.332,53
"p.Asp53Ser",12.863,53
"p.Asp53Cys",15.945,53
"p.Asp53Gly",15.2,53
"p.Asp53Ala",13.968,53
"p.Asp53Val",12.874,53
"p.Asp53Leu",15.767,53
"p.Asp53Ile",14.521,53
"p.Asp53Met",16.344,53
"p.Asp53Pro",18.206,53
"p.Asp53Tyr",15.544,53
"p.Asp53Phe",17.519,53
"p.Asp53Trp",20.839,53
"p.Asn54Lys",12.713,54
"p.Asn54Arg",13.518,54
"p.Asn54His",10.25,54
"p.Asn54Glu",13.267,54
"p.Asn54Asp",11.638,54
"p.Asn54Asn",0,54
"p.Asn54Gln",11.222,54
"p.Asn54Thr",5.344,54
"p.Asn54Ser",8.418,54
"p.Asn54Cys",10.903,54
"p.Asn54Gly",12.319,54
"p.Asn54Ala",10.314,54
"p.Asn54Val",10.84,54
"p.Asn54Leu",8.016,54
"p.Asn54Ile",10.052,54
"p.Asn54Met",10.612,54
"p.Asn54Pro",14.878,54
"p.Asn54Tyr",12.235,54
"p.Asn54Phe",11.824,54
"p.Asn54Trp",16.767,54
"p.Thr55Lys",8.997,55
"p.Thr55Arg",8.736,55
"p.Thr55His",11.854,55
"p.Thr55Glu",11.703,55
"p.Thr55Asp",11.9,55
"p.Thr55Asn",10.577,55
"p.Thr55Gln",11.103,55
"p.Thr55Thr",0,55
"p.Thr55Ser",6.322,55
"p.Thr55Cys",11.866,55
"p.Thr55Gly",10.489,55
"p.Thr55Ala",9.668,55
"p.Thr55Val",11.192,55
"p.Thr55Leu",10.571,55
"p.Thr55Ile",10.429,55
"p.Thr55Met",10.648,55
"p.Thr55Pro",13.145,55
"p.Thr55Tyr",12.138,55
"p.Thr55Phe",12.135,55
"p.Thr55Trp",15.445,55
"p.Ala56Lys",4.238,56
"p.Ala56Arg",6.186,56
"p.Ala56His",4.863,56
"p.Ala56Glu",5.723,56
"p.Ala56Asp",4.402,56
"p.Ala56Asn",-1.957,56
"p.Ala56Gln",2.734,56
"p.Ala56Thr",4.933,56
"p.Ala56Ser",3.419,56
"p.Ala56Cys",6.853,56
"p.Ala56Gly",5.517,56
"p.Ala56Ala",0,56
"p.Ala56Val",6.264,56
"p.Ala56Leu",6.474,56
"p.Ala56Ile",7.112,56
"p.Ala56Met",6.6,56
"p.Ala56Pro",10.858,56
"p.Ala56Tyr",7.523,56
"p.Ala56Phe",7.701,56
"p.Ala56Trp",10.123,56
"p.Gly57Lys",12.017,57
"p.Gly57Arg",11.425,57
"p.Gly57His",12.746,57
"p.Gly57Glu",11.39,57
"p.Gly57Asp",10.23,57
"p.Gly57Asn",10.141,57
"p.Gly57Gln",12.143,57
"p.Gly57Thr",12.405,57
"p.Gly57Ser",9.631,57
"p.Gly57Cys",11.765,57
"p.Gly57Gly",0,57
"p.Gly57Ala",8.894,57
"p.Gly57Val",12.171,57
"p.Gly57Leu",12.833,57
"p.Gly57Ile",15.015,57
"p.Gly57Met",13.863,57
"p.Gly57Pro",14.515,57
"p.Gly57Tyr",13.226,57
"p.Gly57Phe",13.512,57
"p.Gly57Trp",14.931,57
"p.Cys58Lys",15.499,58
"p.Cys58Arg",11.731,58
"p.Cys58His",13.778,58
"p.Cys58Glu",13.82,58
"p.Cys58Asp",11.342,58
"p.Cys58Asn",15.095,58
"p.Cys58Gln",15.333,58
"p.Cys58Thr",13.946,58
"p.Cys58Ser",11.017,58
"p.Cys58Cys",0,58
"p.Cys58Gly",12.023,58
"p.Cys58Ala",12.36,58
"p.Cys58Val",15.417,58
"p.Cys58Leu",14.186,58
"p.Cys58Ile",17.108,58
"p.Cys58Met",17.275,58
"p.Cys58Pro",13.738,58
"p.Cys58Tyr",10.56,58
"p.Cys58Phe",12.169,58
"p.Cys58Trp",13.167,58
"p.Thr59Lys",6.072,59
"p.Thr59Arg",8.664,59
"p.Thr59His",10.199,59
"p.Thr59Glu",7.255,59
"p.Thr59Asp",8.452,59
"p.Thr59Asn",6.507,59
"p.Thr59Gln",6.486,59
"p.Thr59Thr",0,59
"p.Thr59Ser",6.423,59
"p.Thr59Cys",8.761,59
"p.Thr59Gly",8.686,59
"p.Thr59Ala",6.173,59
"p.Thr59Val",5.582,59
"p.Thr59Leu",5.39,59
"p.Thr59Ile",5.146,59
"p.Thr59Met",4.88,59
"p.Thr59Pro",12.073,59
"p.Thr59Tyr",11.559,59
"p.Thr59Phe",10.237,59
"p.Thr59Trp",13.891,59
"p.Ser60Lys",9.356,60
"p.Ser60Arg",11.797,60
"p.Ser60His",12.091,60
"p.Ser60Glu",9.548,60
"p.Ser60Asp",9.464,60
"p.Ser60Asn",9.146,60
"p.Ser60Gln",10.329,60
"p.Ser60Thr",7.927,60
"p.Ser60Ser",0,60
"p.Ser60Cys",11.357,60
"p.Ser60Gly",8.424,60
"p.Ser60Ala",6.555,60
"p.Ser60Val",12.386,60
"p.Ser60Leu",10.213,60
"p.Ser60Ile",13.266,60
"p.Ser60Met",12.526,60
"p.Ser60Pro",12.635,60
"p.Ser60Tyr",13.323,60
"p.Ser60Phe",12.307,60
"p.Ser60Trp",15.367,60
"p.Ala61Lys",11.201,61
"p.Ala61Arg",13.011,61
"p.Ala61His",14.717,61
"p.Ala61Glu",11.633,61
"p.Ala61Asp",12.561,61
"p.Ala61Asn",12.176,61
"p.Ala61Gln",12.153,61
"p.Ala61Thr",5.629,61
"p.Ala61Ser",7.441,61
"p.Ala61Cys",8.793,61
"p.Ala61Gly",11.436,61
"p.Ala61Ala",0,61
"p.Ala61Val",9.429,61
"p.Ala61Leu",10.245,61
"p.Ala61Ile",12.501,61
"p.Ala61Met",10.853,61
"p.Ala61Pro",14.843,61
"p.Ala61Tyr",14.875,61
"p.Ala61Phe",13.625,61
"p.Ala61Trp",17.354,61
"p.Gly62Lys",13.224,62
"p.Gly62Arg",12.183,62
"p.Gly62His",14.986,62
"p.Gly62Glu",12.734,62
"p.Gly62Asp",13.226,62
"p.Gly62Asn",14.381,62
"p.Gly62Gln",14.326,62
"p.Gly62Thr",14.927,62
"p.Gly62Ser",11.198,62
"p.Gly62Cys",12.706,62
"p.Gly62Gly",0,62
"p.Gly62Ala",9.476,62
"p.Gly62Val",15.038,62
"p.Gly62Leu",14.319,62
"p.Gly62Ile",18.623,62
"p.Gly62Met",15.01,62
"p.Gly62Pro",14.053,62
"p.Gly62Tyr",15.763,62
"p.Gly62Phe",15.773,62
"p.Gly62Trp",15.131,62
"p.Pro63Lys",9.285,63
"p.Pro63Arg",10.419,63
"p.Pro63His",8.897,63
"p.Pro63Glu",7.438,63
"p.Pro63Asp",7.198,63
"p.Pro63Asn",8.572,63
"p.Pro63Gln",8.485,63
"p.Pro63Thr",8.507,63
"p.Pro63Ser",6.921,63
"p.Pro63Cys",10.778,63
"p.Pro63Gly",7.26,63
"p.Pro63Ala",6.048,63
"p.Pro63Val",10.015,63
"p.Pro63Leu",9.707,63
"p.Pro63Ile",11.728,63
"p.Pro63Met",10.842,63
"p.Pro63Pro",0,63
"p.Pro63Tyr",12.299,63
"p.Pro63Phe",11.88,63
"p.Pro63Trp",14.152,63
"p.His64Lys",15.28,64
"p.His64Arg",13.929,64
"p.His64His",0,64
"p.His64Glu",15.999,64
"p.His64Asp",14.756,64
"p.His64Asn",13.208,64
"p.His64Gln",13.964,64
"p.His64Thr",15.808,64
"p.His64Ser",15.184,64
"p.His64Cys",16.16,64
"p.His64Gly",17.015,64
"p.His64Ala",15.205,64
"p.His64Val",14.598,64
"p.His64Leu",13.024,64
"p.His64Ile",14.369,64
"p.His64Met",16.495,64
"p.His64Pro",14.395,64
"p.His64Tyr",14.31,64
"p.His64Phe",15.729,64
"p.His64Trp",20.099,64
"p.Phe65Lys",15.16,65
"p.Phe65Arg",14.881,65
"p.Phe65His",11.462,65
"p.Phe65Glu",15.959,65
"p.Phe65Asp",15.102,65
"p.Phe65Asn",13.97,65
"p.Phe65Gln",15.206,65
"p.Phe65Thr",13.976,65
"p.Phe65Ser",12.584,65
"p.Phe65Cys",11.975,65
"p.Phe65Gly",15.359,65
"p.Phe65Ala",13.725,65
"p.Phe65Val",11.8,65
"p.Phe65Leu",8.815,65
"p.Phe65Ile",12.441,65
"p.Phe65Met",12.06,65
"p.Phe65Pro",16.176,65
"p.Phe65Tyr",5.507,65
"p.Phe65Phe",0,65
"p.Phe65Trp",8.639,65
"p.Asn66Lys",13.954,66
"p.Asn66Arg",16.233,66
"p.Asn66His",12.752,66
"p.Asn66Glu",16.139,66
"p.Asn66Asp",12.089,66
"p.Asn66Asn",0,66
"p.Asn66Gln",14.649,66
"p.Asn66Thr",15.011,66
"p.Asn66Ser",10.687,66
"p.Asn66Cys",12.652,66
"p.Asn66Gly",12.818,66
"p.Asn66Ala",14.307,66
"p.Asn66Val",15.228,66
"p.Asn66Leu",16.057,66
"p.Asn66Ile",16.593,66
"p.Asn66Met",17.183,66
"p.Asn66Pro",18.466,66
"p.Asn66Tyr",15.584,66
"p.Asn66Phe",16.661,66
"p.Asn66Trp",18.077,66
"p.Pro67Lys",16.103,67
"p.Pro67Arg",14.616,67
"p.Pro67His",10.025,67
"p.Pro67Glu",15.811,67
"p.Pro67Asp",15.172,67
"p.Pro67Asn",13.805,67
"p.Pro67Gln",13.993,67
"p.Pro67Thr",13.743,67
"p.Pro67Ser",11.567,67
"p.Pro67Cys",14.426,67
"p.Pro67Gly",14.962,67
"p.Pro67Ala",12.053,67
"p.Pro67Val",12.784,67
"p.Pro67Leu",12.039,67
"p.Pro67Ile",15.09,67
"p.Pro67Met",15.692,67
"p.Pro67Pro",0,67
"p.Pro67Tyr",14.266,67
"p.Pro67Phe",12.697,67
"p.Pro67Trp",16.231,67
"p.Leu68Lys",3.071,68
"p.Leu68Arg",5.655,68
"p.Leu68His",1.599,68
"p.Leu68Glu",3.724,68
"p.Leu68Asp",4.295,68
"p.Leu68Asn",3.684,68
"p.Leu68Gln",3.646,68
"p.Leu68Thr",3.909,68
"p.Leu68Ser",4.656,68
"p.Leu68Cys",7.021,68
"p.Leu68Gly",6.429,68
"p.Leu68Ala",4.777,68
"p.Leu68Val",4.58,68
"p.Leu68Leu",0,68
"p.Leu68Ile",5.964,68
"p.Leu68Met",4.305,68
"p.Leu68Pro",9.928,68
"p.Leu68Tyr",3.08,68
"p.Leu68Phe",2.582,68
"p.Leu68Trp",6.087,68
"p.Ser69Lys",2.281,69
"p.Ser69Arg",4.957,69
"p.Ser69His",4.237,69
"p.Ser69Glu",4.395,69
"p.Ser69Asp",3.78,69
"p.Ser69Asn",1.325,69
"p.Ser69Gln",3.248,69
"p.Ser69Thr",5.383,69
"p.Ser69Ser",0,69
"p.Ser69Cys",6.568,69
"p.Ser69Gly",0.955,69
"p.Ser69Ala",3.951,69
"p.Ser69Val",6.582,69
"p.Ser69Leu",5.703,69
"p.Ser69Ile",8.481,69
"p.Ser69Met",5.133,69
"p.Ser69Pro",6.386,69
"p.Ser69Tyr",7.713,69
"p.Ser69Phe",7.492,69
"p.Ser69Trp",9.796,69
"p.Arg70Lys",0.638,70
"p.Arg70Arg",0,70
"p.Arg70His",6.049,70
"p.Arg70Glu",6.92,70
"p.Arg70Asp",9.01,70
"p.Arg70Asn",6.168,70
"p.Arg70Gln",4.978,70
"p.Arg70Thr",5.116,70
"p.Arg70Ser",5.242,70
"p.Arg70Cys",7.211,70
"p.Arg70Gly",7.076,70
"p.Arg70Ala",4.481,70
"p.Arg70Val",4.089,70
"p.Arg70Leu",5.026,70
"p.Arg70Ile",5.407,70
"p.Arg70Met",5.404,70
"p.Arg70Pro",9.019,70
"p.Arg70Tyr",9.596,70
"p.Arg70Phe",9.161,70
"p.Arg70Trp",11.533,70
"p.Lys71Lys",0,71
"p.Lys71Arg",7.052,71
"p.Lys71His",6.953,71
"p.Lys71Glu",5.339,71
"p.Lys71Asp",6.132,71
"p.Lys71Asn",5.139,71
"p.Lys71Gln",4.425,71
"p.Lys71Thr",3.645,71
"p.Lys71Ser",4.656,71
"p.Lys71Cys",9.409,71
"p.Lys71Gly",7.407,71
"p.Lys71Ala",6.445,71
"p.Lys71Val",5.486,71
"p.Lys71Leu",7.446,71
"p.Lys71Ile",6.865,71
"p.Lys71Met",7.258,71
"p.Lys71Pro",8.682,71
"p.Lys71Tyr",10.641,71
"p.Lys71Phe",9.656,71
"p.Lys71Trp",12.482,71
"p.His72Lys",16.907,72
"p.His72Arg",15.28,72
"p.His72His",0,72
"p.His72Glu",16.015,72
"p.His72Asp",15.258,72
"p.His72Asn",14.704,72
"p.His72Gln",14.188,72
"p.His72Thr",15.816,72
"p.His72Ser",15.096,72
"p.His72Cys",15.382,72
"p.His72Gly",16.63,72
"p.His72Ala",15.146,72
"p.His72Val",14.954,72
"p.His72Leu",15.743,72
"p.His72Ile",17.444,72
"p.His72Met",17.436,72
"p.His72Pro",14.159,72
"p.His72Tyr",14.063,72
"p.His72Phe",16.012,72
"p.His72Trp",18.865,72
"p.Gly73Lys",13.19,73
"p.Gly73Arg",12.37,73
"p.Gly73His",12.307,73
"p.Gly73Glu",11.715,73
"p.Gly73Asp",11.509,73
"p.Gly73Asn",11.986,73
"p.Gly73Gln",12.941,73
"p.Gly73Thr",13.431,73
"p.Gly73Ser",9.433,73
"p.Gly73Cys",12.332,73
"p.Gly73Gly",0,73
"p.Gly73Ala",8.311,73
"p.Gly73Val",13.585,73
"p.Gly73Leu",14.468,73
"p.Gly73Ile",15.677,73
"p.Gly73Met",14.077,73
"p.Gly73Pro",13.066,73
"p.Gly73Tyr",15.852,73
"p.Gly73Phe",15.587,73
"p.Gly73Trp",15.172,73
"p.Gly74Lys",9.317,74
"p.Gly74Arg",10.264,74
"p.Gly74His",10.346,74
"p.Gly74Glu",8.714,74
"p.Gly74Asp",9.005,74
"p.Gly74Asn",9.411,74
"p.Gly74Gln",9.714,74
"p.Gly74Thr",8.749,74
"p.Gly74Ser",5.189,74
"p.Gly74Cys",9.382,74
"p.Gly74Gly",0,74
"p.Gly74Ala",2.381,74
"p.Gly74Val",9.89,74
"p.Gly74Leu",10.156,74
"p.Gly74Ile",12.77,74
"p.Gly74Met",9.535,74
"p.Gly74Pro",9.057,74
"p.Gly74Tyr",11.908,74
"p.Gly74Phe",10.823,74
"p.Gly74Trp",13.098,74
"p.Pro75Lys",7.512,75
"p.Pro75Arg",9.877,75
"p.Pro75His",8.281,75
"p.Pro75Glu",7.425,75
"p.Pro75Asp",8.043,75
"p.Pro75Asn",8.644,75
"p.Pro75Gln",8.539,75
"p.Pro75Thr",8.594,75
"p.Pro75Ser",7.52,75
"p.Pro75Cys",11.507,75
"p.Pro75Gly",8.604,75
"p.Pro75Ala",7.027,75
"p.Pro75Val",8.901,75
"p.Pro75Leu",7.708,75
"p.Pro75Ile",9.72,75
"p.Pro75Met",8.563,75
"p.Pro75Pro",0,75
"p.Pro75Tyr",10.857,75
"p.Pro75Phe",10.244,75
"p.Pro75Trp",11.127,75
"p.Lys76Lys",0,76
"p.Lys76Arg",6.877,76
"p.Lys76His",4.529,76
"p.Lys76Glu",1.71,76
"p.Lys76Asp",2.654,76
"p.Lys76Asn",3.039,76
"p.Lys76Gln",3.485,76
"p.Lys76Thr",2.463,76
"p.Lys76Ser",3.465,76
"p.Lys76Cys",7.28,76
"p.Lys76Gly",4.03,76
"p.Lys76Ala",3.483,76
"p.Lys76Val",5.097,76
"p.Lys76Leu",4.908,76
"p.Lys76Ile",6.678,76
"p.Lys76Met",5.798,76
"p.Lys76Pro",7.368,76
"p.Lys76Tyr",6.725,76
"p.Lys76Phe",6.572,76
"p.Lys76Trp",9.381,76
"p.Asp77Lys",11.56,77
"p.Asp77Arg",13.039,77
"p.Asp77His",9.35,77
"p.Asp77Glu",7.146,77
"p.Asp77Asp",0,77
"p.Asp77Asn",9.091,77
"p.Asp77Gln",9.824,77
"p.Asp77Thr",9.935,77
"p.Asp77Ser",6.458,77
"p.Asp77Cys",7.546,77
"p.Asp77Gly",9.166,77
"p.Asp77Ala",5.944,77
"p.Asp77Val",11.393,77
"p.Asp77Leu",12.708,77
"p.Asp77Ile",13.977,77
"p.Asp77Met",12.68,77
"p.Asp77Pro",12.077,77
"p.Asp77Tyr",10.69,77
"p.Asp77Phe",11.558,77
"p.Asp77Trp",14.143,77
"p.Glu78Lys",6.49,78
"p.Glu78Arg",10.016,78
"p.Glu78His",7.094,78
"p.Glu78Glu",0,78
"p.Glu78Asp",5.567,78
"p.Glu78Asn",7.503,78
"p.Glu78Gln",7.102,78
"p.Glu78Thr",6.963,78
"p.Glu78Ser",6.806,78
"p.Glu78Cys",12.074,78
"p.Glu78Gly",7.433,78
"p.Glu78Ala",5.814,78
"p.Glu78Val",7.384,78
"p.Glu78Leu",8.813,78
"p.Glu78Ile",9.176,78
"p.Glu78Met",8.852,78
"p.Glu78Pro",7.094,78
"p.Glu78Tyr",9.51,78
"p.Glu78Phe",9.145,78
"p.Glu78Trp",12.638,78
"p.Glu79Lys",6.749,79
"p.Glu79Arg",9.936,79
"p.Glu79His",7.459,79
"p.Glu79Glu",0,79
"p.Glu79Asp",5.194,79
"p.Glu79Asn",4.689,79
"p.Glu79Gln",6.536,79
"p.Glu79Thr",6.125,79
"p.Glu79Ser",6.385,79
"p.Glu79Cys",9.828,79
"p.Glu79Gly",8.679,79
"p.Glu79Ala",6.76,79
"p.Glu79Val",4.228,79
"p.Glu79Leu",7.462,79
"p.Glu79Ile",4.951,79
"p.Glu79Met",7.731,79
"p.Glu79Pro",10.487,79
"p.Glu79Tyr",9.362,79
"p.Glu79Phe",8.624,79
"p.Glu79Trp",12.903,79
"p.Arg80Lys",11.254,80
"p.Arg80Arg",0,80
"p.Arg80His",11.618,80
"p.Arg80Glu",14.721,80
"p.Arg80Asp",15.935,80
"p.Arg80Asn",13.274,80
"p.Arg80Gln",13.077,80
"p.Arg80Thr",13.549,80
"p.Arg80Ser",12.532,80
"p.Arg80Cys",11.152,80
"p.Arg80Gly",12.333,80
"p.Arg80Ala",13.622,80
"p.Arg80Val",13.964,80
"p.Arg80Leu",13.463,80
"p.Arg80Ile",15.331,80
"p.Arg80Met",13.6,80
"p.Arg80Pro",16.785,80
"p.Arg80Tyr",13.752,80
"p.Arg80Phe",13.166,80
"p.Arg80Trp",14.794,80
"p.His81Lys",15.627,81
"p.His81Arg",13.751,81
"p.His81His",0,81
"p.His81Glu",14.503,81
"p.His81Asp",13.444,81
"p.His81Asn",12.668,81
"p.His81Gln",13.654,81
"p.His81Thr",16.334,81
"p.His81Ser",15.698,81
"p.His81Cys",16.703,81
"p.His81Gly",15.67,81
"p.His81Ala",14.862,81
"p.His81Val",16.085,81
"p.His81Leu",13.947,81
"p.His81Ile",17.5,81
"p.His81Met",16.44,81
"p.His81Pro",14.8,81
"p.His81Tyr",14.182,81
"p.His81Phe",16.005,81
"p.His81Trp",19.402,81
"p.Val82Lys",10.746,82
"p.Val82Arg",11.824,82
"p.Val82His",11.462,82
"p.Val82Glu",9.314,82
"p.Val82Asp",10.592,82
"p.Val82Asn",11.326,82
"p.Val82Gln",10.836,82
"p.Val82Thr",7.722,82
"p.Val82Ser",8.923,82
"p.Val82Cys",9.064,82
"p.Val82Gly",9.812,82
"p.Val82Ala",4.627,82
"p.Val82Val",0,82
"p.Val82Leu",6.418,82
"p.Val82Ile",7.063,82
"p.Val82Met",8.988,82
"p.Val82Pro",11.862,82
"p.Val82Tyr",11.901,82
"p.Val82Phe",8.894,82
"p.Val82Trp",12.191,82
"p.Gly83Lys",16.09,83
"p.Gly83Arg",13.582,83
"p.Gly83His",15.232,83
"p.Gly83Glu",13.261,83
"p.Gly83Asp",13.658,83
"p.Gly83Asn",15.693,83
"p.Gly83Gln",15.843,83
"p.Gly83Thr",15.652,83
"p.Gly83Ser",12.142,83
"p.Gly83Cys",12.365,83
"p.Gly83Gly",0,83
"p.Gly83Ala",9.552,83
"p.Gly83Val",14.249,83
"p.Gly83Leu",14.975,83
"p.Gly83Ile",16.833,83
"p.Gly83Met",14.804,83
"p.Gly83Pro",16.14,83
"p.Gly83Tyr",15.612,83
"p.Gly83Phe",14.343,83
"p.Gly83Trp",13.408,83
"p.Asp84Lys",19.26,84
"p.Asp84Arg",19.558,84
"p.Asp84His",15.317,84
"p.Asp84Glu",12.509,84
"p.Asp84Asp",0,84
"p.Asp84Asn",14.622,84
"p.Asp84Gln",16.832,84
"p.Asp84Thr",17.013,84
"p.Asp84Ser",15.983,84
"p.Asp84Cys",15.478,84
"p.Asp84Gly",13.321,84
"p.Asp84Ala",14.214,84
"p.Asp84Val",15.035,84
"p.Asp84Leu",18.484,84
"p.Asp84Ile",18.832,84
"p.Asp84Met",18.786,84
"p.Asp84Pro",18.158,84
"p.Asp84Tyr",14.471,84
"p.Asp84Phe",16.857,84
"p.Asp84Trp",19.788,84
"p.Leu85Lys",13.676,85
"p.Leu85Arg",13.341,85
"p.Leu85His",13.198,85
"p.Leu85Glu",14.236,85
"p.Leu85Asp",16.847,85
"p.Leu85Asn",14.923,85
"p.Leu85Gln",13.06,85
"p.Leu85Thr",12.984,85
"p.Leu85Ser",13,85
"p.Leu85Cys",11.858,85
"p.Leu85Gly",15.051,85
"p.Leu85Ala",13.365,85
"p.Leu85Val",10.618,85
"p.Leu85Leu",0,85
"p.Leu85Ile",10.141,85
"p.Leu85Met",8.293,85
"p.Leu85Pro",13.187,85
"p.Leu85Tyr",13.262,85
"p.Leu85Phe",7.602,85
"p.Leu85Trp",13.172,85
"p.Gly86Lys",10.842,86
"p.Gly86Arg",11.883,86
"p.Gly86His",11.911,86
"p.Gly86Glu",8.803,86
"p.Gly86Asp",10.113,86
"p.Gly86Asn",11.079,86
"p.Gly86Gln",11.153,86
"p.Gly86Thr",10.707,86
"p.Gly86Ser",9.352,86
"p.Gly86Cys",10.177,86
"p.Gly86Gly",0,86
"p.Gly86Ala",8.004,86
"p.Gly86Val",11.022,86
"p.Gly86Leu",11.412,86
"p.Gly86Ile",12.563,86
"p.Gly86Met",11.154,86
"p.Gly86Pro",12.437,86
"p.Gly86Tyr",12.966,86
"p.Gly86Phe",11.163,86
"p.Gly86Trp",13.58,86
"p.Asn87Lys",15.872,87
"p.Asn87Arg",18.558,87
"p.Asn87His",14.817,87
"p.Asn87Glu",15.092,87
"p.Asn87Asp",10.663,87
"p.Asn87Asn",0,87
"p.Asn87Gln",13.756,87
"p.Asn87Thr",13.822,87
"p.Asn87Ser",11.952,87
"p.Asn87Cys",15.013,87
"p.Asn87Gly",15.702,87
"p.Asn87Ala",15.579,87
"p.Asn87Val",14.969,87
"p.Asn87Leu",16.636,87
"p.Asn87Ile",15.936,87
"p.Asn87Met",16.226,87
"p.Asn87Pro",18.84,87
"p.Asn87Tyr",16.325,87
"p.Asn87Phe",16.701,87
"p.Asn87Trp",20.805,87
"p.Val88Lys",15.301,88
"p.Val88Arg",15.957,88
"p.Val88His",15.261,88
"p.Val88Glu",14.337,88
"p.Val88Asp",16.063,88
"p.Val88Asn",14.569,88
"p.Val88Gln",14.329,88
"p.Val88Thr",10.645,88
"p.Val88Ser",13.973,88
"p.Val88Cys",10.941,88
"p.Val88Gly",14.244,88
"p.Val88Ala",10.69,88
"p.Val88Val",0,88
"p.Val88Leu",5.084,88
"p.Val88Ile",2.044,88
"p.Val88Met",8.148,88
"p.Val88Pro",14.097,88
"p.Val88Tyr",14.93,88
"p.Val88Phe",9.485,88
"p.Val88Trp",15.233,88
"p.Thr89Lys",4.303,89
"p.Thr89Arg",7.106,89
"p.Thr89His",6.469,89
"p.Thr89Glu",4.332,89
"p.Thr89Asp",7.523,89
"p.Thr89Asn",5.81,89
"p.Thr89Gln",4.628,89
"p.Thr89Thr",0,89
"p.Thr89Ser",6.248,89
"p.Thr89Cys",7.625,89
"p.Thr89Gly",9.097,89
"p.Thr89Ala",5.539,89
"p.Thr89Val",3.382,89
"p.Thr89Leu",5.97,89
"p.Thr89Ile",4.706,89
"p.Thr89Met",5.397,89
"p.Thr89Pro",6.934,89
"p.Thr89Tyr",8.634,89
"p.Thr89Phe",8.07,89
"p.Thr89Trp",10.531,89
"p.Ala90Lys",13.174,90
"p.Ala90Arg",14.227,90
"p.Ala90His",14.527,90
"p.Ala90Glu",12.526,90
"p.Ala90Asp",14.005,90
"p.Ala90Asn",12.868,90
"p.Ala90Gln",13.645,90
"p.Ala90Thr",5.366,90
"p.Ala90Ser",6.97,90
"p.Ala90Cys",7.746,90
"p.Ala90Gly",10.596,90
"p.Ala90Ala",0,90
"p.Ala90Val",6.897,90
"p.Ala90Leu",12.957,90
"p.Ala90Ile",11.02,90
"p.Ala90Met",11.535,90
"p.Ala90Pro",11.85,90
"p.Ala90Tyr",13.945,90
"p.Ala90Phe",12.653,90
"p.Ala90Trp",15.774,90
"p.Asp91Lys",8.026,91
"p.Asp91Arg",9.365,91
"p.Asp91His",9.876,91
"p.Asp91Glu",7.84,91
"p.Asp91Asp",0,91
"p.Asp91Asn",3.284,91
"p.Asp91Gln",8.679,91
"p.Asp91Thr",6.412,91
"p.Asp91Ser",5.543,91
"p.Asp91Cys",9.66,91
"p.Asp91Gly",3.134,91
"p.Asp91Ala",6.729,91
"p.Asp91Val",10.88,91
"p.Asp91Leu",10.675,91
"p.Asp91Ile",12.213,91
"p.Asp91Met",10.759,91
"p.Asp91Pro",8.267,91
"p.Asp91Tyr",11.743,91
"p.Asp91Phe",12.71,91
"p.Asp91Trp",14.685,91
"p.Lys92Lys",0,92
"p.Lys92Arg",8.309,92
"p.Lys92His",9.089,92
"p.Lys92Glu",8.396,92
"p.Lys92Asp",10.136,92
"p.Lys92Asn",8.779,92
"p.Lys92Gln",8.527,92
"p.Lys92Thr",7.869,92
"p.Lys92Ser",5.407,92
"p.Lys92Cys",10.502,92
"p.Lys92Gly",5.606,92
"p.Lys92Ala",4.563,92
"p.Lys92Val",8.165,92
"p.Lys92Leu",11.004,92
"p.Lys92Ile",9.766,92
"p.Lys92Met",10.686,92
"p.Lys92Pro",8.182,92
"p.Lys92Tyr",12.508,92
"p.Lys92Phe",12.164,92
"p.Lys92Trp",14.286,92
"p.Asp93Lys",6.323,93
"p.Asp93Arg",8.444,93
"p.Asp93His",6.45,93
"p.Asp93Glu",4.023,93
"p.Asp93Asp",0,93
"p.Asp93Asn",3.485,93
"p.Asp93Gln",5.841,93
"p.Asp93Thr",4.601,93
"p.Asp93Ser",4.551,93
"p.Asp93Cys",9.134,93
"p.Asp93Gly",7.291,93
"p.Asp93Ala",6.136,93
"p.Asp93Val",8.939,93
"p.Asp93Leu",7.941,93
"p.Asp93Ile",10.052,93
"p.Asp93Met",8.274,93
"p.Asp93Pro",13.366,93
"p.Asp93Tyr",7.971,93
"p.Asp93Phe",8.017,93
"p.Asp93Trp",11.5,93
"p.Gly94Lys",9.962,94
"p.Gly94Arg",10.36,94
"p.Gly94His",10.517,94
"p.Gly94Glu",10.566,94
"p.Gly94Asp",9.4,94
"p.Gly94Asn",8.98,94
"p.Gly94Gln",10.063,94
"p.Gly94Thr",10.951,94
"p.Gly94Ser",6.217,94
"p.Gly94Cys",7.401,94
"p.Gly94Gly",0,94
"p.Gly94Ala",7.088,94
"p.Gly94Val",12.001,94
"p.Gly94Leu",11.82,94
"p.Gly94Ile",15.393,94
"p.Gly94Met",11.088,94
"p.Gly94Pro",14.153,94
"p.Gly94Tyr",12.686,94
"p.Gly94Phe",11.018,94
"p.Gly94Trp",12.34,94
"p.Val95Lys",6.059,95
"p.Val95Arg",7.619,95
"p.Val95His",8.284,95
"p.Val95Glu",7.568,95
"p.Val95Asp",9.557,95
"p.Val95Asn",4.851,95
"p.Val95Gln",7.946,95
"p.Val95Thr",6.096,95
"p.Val95Ser",7.412,95
"p.Val95Cys",7.387,95
"p.Val95Gly",8.84,95
"p.Val95Ala",6.705,95
"p.Val95Val",0,95
"p.Val95Leu",7.148,95
"p.Val95Ile",4.986,95
"p.Val95Met",6.64,95
"p.Val95Pro",13.72,95
"p.Val95Tyr",7.698,95
"p.Val95Phe",6.56,95
"p.Val95Trp",10.416,95
"p.Ala96Lys",12.104,96
"p.Ala96Arg",13.132,96
"p.Ala96His",15.581,96
"p.Ala96Glu",13.282,96
"p.Ala96Asp",14.453,96
"p.Ala96Asn",13.034,96
"p.Ala96Gln",14.336,96
"p.Ala96Thr",7.609,96
"p.Ala96Ser",7.435,96
"p.Ala96Cys",8.207,96
"p.Ala96Gly",9.606,96
"p.Ala96Ala",0,96
"p.Ala96Val",6.476,96
"p.Ala96Leu",11.94,96
"p.Ala96Ile",9.703,96
"p.Ala96Met",12.363,96
"p.Ala96Pro",12.545,96
"p.Ala96Tyr",14.638,96
"p.Ala96Phe",13.71,96
"p.Ala96Trp",16.048,96
"p.Asp97Lys",5.525,97
"p.Asp97Arg",7.942,97
"p.Asp97His",6.55,97
"p.Asp97Glu",2.601,97
"p.Asp97Asp",0,97
"p.Asp97Asn",4.355,97
"p.Asp97Gln",5.722,97
"p.Asp97Thr",4.853,97
"p.Asp97Ser",5.371,97
"p.Asp97Cys",9.82,97
"p.Asp97Gly",8.588,97
"p.Asp97Ala",6.851,97
"p.Asp97Val",6.75,97
"p.Asp97Leu",7.782,97
"p.Asp97Ile",8.077,97
"p.Asp97Met",7.409,97
"p.Asp97Pro",10.154,97
"p.Asp97Tyr",7.822,97
"p.Asp97Phe",8.078,97
"p.Asp97Trp",10.571,97
"p.Val98Lys",11.729,98
"p.Val98Arg",12.646,98
"p.Val98His",12.408,98
"p.Val98Glu",13.1,98
"p.Val98Asp",13.994,98
"p.Val98Asn",13.19,98
"p.Val98Gln",12.012,98
"p.Val98Thr",8.589,98
"p.Val98Ser",11.337,98
"p.Val98Cys",8.895,98
"p.Val98Gly",12.913,98
"p.Val98Ala",8.282,98
"p.Val98Val",0,98
"p.Val98Leu",4.793,98
"p.Val98Ile",3.465,98
"p.Val98Met",7.655,98
"p.Val98Pro",14.922,98
"p.Val98Tyr",6.934,98
"p.Val98Phe",4.557,98
"p.Val98Trp",11.334,98
"p.Ser99Lys",5.454,99
"p.Ser99Arg",7.455,99
"p.Ser99His",6.539,99
"p.Ser99Glu",3.633,99
"p.Ser99Asp",4.514,99
"p.Ser99Asn",4.514,99
"p.Ser99Gln",5.394,99
"p.Ser99Thr",3.922,99
"p.Ser99Ser",0,99
"p.Ser99Cys",7.173,99
"p.Ser99Gly",5.375,99
"p.Ser99Ala",4.684,99
"p.Ser99Val",5.718,99
"p.Ser99Leu",6.853,99
"p.Ser99Ile",6.577,99
"p.Ser99Met",6.537,99
"p.Ser99Pro",8.118,99
"p.Ser99Tyr",6.886,99
"p.Ser99Phe",6.62,99
"p.Ser99Trp",8.338,99
"p.Ile100Lys",9.277,100
"p.Ile100Arg",11.378,100
"p.Ile100His",12.439,100
"p.Ile100Glu",11.982,100
"p.Ile100Asp",13.555,100
"p.Ile100Asn",12.46,100
"p.Ile100Gln",11.128,100
"p.Ile100Thr",8.934,100
"p.Ile100Ser",11.325,100
"p.Ile100Cys",10.824,100
"p.Ile100Gly",13.238,100
"p.Ile100Ala",10.107,100
"p.Ile100Val",5.271,100
"p.Ile100Leu",5.88,100
"p.Ile100Ile",0,100
"p.Ile100Met",7.414,100
"p.Ile100Pro",15.023,100
"p.Ile100Tyr",10.523,100
"p.Ile100Phe",7.54,100
"p.Ile100Trp",12.705,100
"p.Glu101Lys",7.153,101
"p.Glu101Arg",9.399,101
"p.Glu101His",8.363,101
"p.Glu101Glu",0,101
"p.Glu101Asp",5.34,101
"p.Glu101Asn",6.989,101
"p.Glu101Gln",6.177,101
"p.Glu101Thr",4.432,101
"p.Glu101Ser",5.893,101
"p.Glu101Cys",9.15,101
"p.Glu101Gly",9.401,101
"p.Glu101Ala",7.567,101
"p.Glu101Val",6.264,101
"p.Glu101Leu",8.102,101
"p.Glu101Ile",7.582,101
"p.Glu101Met",8.299,101
"p.Glu101Pro",11.11,101
"p.Glu101Tyr",9.096,101
"p.Glu101Phe",9.319,101
"p.Glu101Trp",11.515,101
"p.Asp102Lys",14.32,102
"p.Asp102Arg",15.927,102
"p.Asp102His",12.899,102
"p.Asp102Glu",11.078,102
"p.Asp102Asp",0,102
"p.Asp102Asn",10.533,102
"p.Asp102Gln",12.727,102
"p.Asp102Thr",13.025,102
"p.Asp102Ser",10.662,102
"p.Asp102Cys",13.74,102
"p.Asp102Gly",11.432,102
"p.Asp102Ala",12.578,102
"p.Asp102Val",15.621,102
"p.Asp102Leu",16.696,102
"p.Asp102Ile",17.29,102
"p.Asp102Met",16.68,102
"p.Asp102Pro",17.168,102
"p.Asp102Tyr",14.444,102
"p.Asp102Phe",16.043,102
"p.Asp102Trp",18.07,102
"p.Ser103Lys",3.535,103
"p.Ser103Arg",5.633,103
"p.Ser103His",4.026,103
"p.Ser103Glu",6.95,103
"p.Ser103Asp",7.084,103
"p.Ser103Asn",4.806,103
"p.Ser103Gln",6.242,103
"p.Ser103Thr",5.137,103
"p.Ser103Ser",0,103
"p.Ser103Cys",8.053,103
"p.Ser103Gly",7.796,103
"p.Ser103Ala",6.639,103
"p.Ser103Val",9.449,103
"p.Ser103Leu",8.401,103
"p.Ser103Ile",10.114,103
"p.Ser103Met",9.171,103
"p.Ser103Pro",6.146,103
"p.Ser103Tyr",7.553,103
"p.Ser103Phe",8.622,103
"p.Ser103Trp",11.252,103
"p.Val104Lys",2.846,104
"p.Val104Arg",4.222,104
"p.Val104His",4.179,104
"p.Val104Glu",4.121,104
"p.Val104Asp",7.583,104
"p.Val104Asn",4.689,104
"p.Val104Gln",-0.503,104
"p.Val104Thr",4.358,104
"p.Val104Ser",5.273,104
"p.Val104Cys",6.018,104
"p.Val104Gly",8.191,104
"p.Val104Ala",5.567,104
"p.Val104Val",0,104
"p.Val104Leu",0.344,104
"p.Val104Ile",4.551,104
"p.Val104Met",1.356,104
"p.Val104Pro",8.954,104
"p.Val104Tyr",6.292,104
"p.Val104Phe",5.148,104
"p.Val104Trp",9.264,104
"p.Ile105Lys",13.925,105
"p.Ile105Arg",14.807,105
"p.Ile105His",15.427,105
"p.Ile105Glu",14.2,105
"p.Ile105Asp",14.516,105
"p.Ile105Asn",13.222,105
"p.Ile105Gln",14.385,105
"p.Ile105Thr",9.392,105
"p.Ile105Ser",12.5,105
"p.Ile105Cys",9.975,105
"p.Ile105Gly",13.247,105
"p.Ile105Ala",8.773,105
"p.Ile105Val",4.387,105
"p.Ile105Leu",5.584,105
"p.Ile105Ile",0,105
"p.Ile105Met",9.185,105
"p.Ile105Pro",13.887,105
"p.Ile105Tyr",14.927,105
"p.Ile105Phe",11.495,105
"p.Ile105Trp",16.331,105
"p.Ser106Lys",4.755,106
"p.Ser106Arg",7.152,106
"p.Ser106His",9.27,106
"p.Ser106Glu",9.768,106
"p.Ser106Asp",9.859,106
"p.Ser106Asn",7.24,106
"p.Ser106Gln",7.86,106
"p.Ser106Thr",6.402,106
"p.Ser106Ser",0,106
"p.Ser106Cys",8.809,106
"p.Ser106Gly",8.521,106
"p.Ser106Ala",5.758,106
"p.Ser106Val",8.96,106
"p.Ser106Leu",8.452,106
"p.Ser106Ile",10.454,106
"p.Ser106Met",10.455,106
"p.Ser106Pro",3.29,106
"p.Ser106Tyr",11.569,106
"p.Ser106Phe",11.42,106
"p.Ser106Trp",13.338,106
"p.Leu107Lys",13.233,107
"p.Leu107Arg",13.373,107
"p.Leu107His",13.849,107
"p.Leu107Glu",16.482,107
"p.Leu107Asp",18.103,107
"p.Leu107Asn",15.024,107
"p.Leu107Gln",13.218,107
"p.Leu107Thr",12.667,107
"p.Leu107Ser",13.167,107
"p.Leu107Cys",13.953,107
"p.Leu107Gly",16.727,107
"p.Leu107Ala",13.143,107
"p.Leu107Val",9.146,107
"p.Leu107Leu",0,107
"p.Leu107Ile",7.114,107
"p.Leu107Met",9.567,107
"p.Leu107Pro",12.592,107
"p.Leu107Tyr",14.31,107
"p.Leu107Phe",8.885,107
"p.Leu107Trp",14.192,107
"p.Ser108Lys",4.63,108
"p.Ser108Arg",6.638,108
"p.Ser108His",6.562,108
"p.Ser108Glu",7.456,108
"p.Ser108Asp",7.963,108
"p.Ser108Asn",4.824,108
"p.Ser108Gln",6.428,108
"p.Ser108Thr",3.952,108
"p.Ser108Ser",0,108
"p.Ser108Cys",7.805,108
"p.Ser108Gly",6.5,108
"p.Ser108Ala",5.821,108
"p.Ser108Val",6.281,108
"p.Ser108Leu",7.612,108
"p.Ser108Ile",6.768,108
"p.Ser108Met",8.031,108
"p.Ser108Pro",10.903,108
"p.Ser108Tyr",8.38,108
"p.Ser108Phe",7.819,108
"p.Ser108Trp",10.782,108
"p.Gly109Lys",9.416,109
"p.Gly109Arg",10.537,109
"p.Gly109His",12.508,109
"p.Gly109Glu",10.51,109
"p.Gly109Asp",10.945,109
"p.Gly109Asn",9.708,109
"p.Gly109Gln",11.646,109
"p.Gly109Thr",11.365,109
"p.Gly109Ser",9.483,109
"p.Gly109Cys",11.088,109
"p.Gly109Gly",0,109
"p.Gly109Ala",9.549,109
"p.Gly109Val",12.48,109
"p.Gly109Leu",13.151,109
"p.Gly109Ile",14.552,109
"p.Gly109Met",13.618,109
"p.Gly109Pro",13.505,109
"p.Gly109Tyr",14.725,109
"p.Gly109Phe",14.035,109
"p.Gly109Trp",14.596,109
"p.Asp110Lys",2.165,110
"p.Asp110Arg",5.219,110
"p.Asp110His",6.196,110
"p.Asp110Glu",2.077,110
"p.Asp110Asp",0,110
"p.Asp110Asn",4.768,110
"p.Asp110Gln",3.073,110
"p.Asp110Thr",3.368,110
"p.Asp110Ser",3.122,110
"p.Asp110Cys",8.303,110
"p.Asp110Gly",6.009,110
"p.Asp110Ala",2.107,110
"p.Asp110Val",4.536,110
"p.Asp110Leu",5.511,110
"p.Asp110Ile",6.06,110
"p.Asp110Met",6.78,110
"p.Asp110Pro",0.761,110
"p.Asp110Tyr",8.843,110
"p.Asp110Phe",8.031,110
"p.Asp110Trp",11.546,110
"p.His111Lys",3.08,111
"p.His111Arg",3.441,111
"p.His111His",0,111
"p.His111Glu",7.225,111
"p.His111Asp",7.304,111
"p.His111Asn",3.428,111
"p.His111Gln",5.031,111
"p.His111Thr",6.369,111
"p.His111Ser",6.384,111
"p.His111Cys",7.792,111
"p.His111Gly",9.128,111
"p.His111Ala",7.676,111
"p.His111Val",7.96,111
"p.His111Leu",5.237,111
"p.His111Ile",8.197,111
"p.His111Met",6.916,111
"p.His111Pro",11.747,111
"p.His111Tyr",5.846,111
"p.His111Phe",6.372,111
"p.His111Trp",9.56,111
"p.Cys112Lys",5.751,112
"p.Cys112Arg",6.037,112
"p.Cys112His",6.157,112
"p.Cys112Glu",7.142,112
"p.Cys112Asp",5.415,112
"p.Cys112Asn",2.133,112
"p.Cys112Gln",5.321,112
"p.Cys112Thr",2.107,112
"p.Cys112Ser",-2.276,112
"p.Cys112Cys",0,112
"p.Cys112Gly",2.757,112
"p.Cys112Ala",1.933,112
"p.Cys112Val",8.207,112
"p.Cys112Leu",5.448,112
"p.Cys112Ile",8.465,112
"p.Cys112Met",5.286,112
"p.Cys112Pro",8.083,112
"p.Cys112Tyr",7.195,112
"p.Cys112Phe",6.666,112
"p.Cys112Trp",9.447,112
"p.Ile113Lys",12.928,113
"p.Ile113Arg",14.5,113
"p.Ile113His",15.581,113
"p.Ile113Glu",14.248,113
"p.Ile113Asp",15.124,113
"p.Ile113Asn",13.472,113
"p.Ile113Gln",14.711,113
"p.Ile113Thr",10.198,113
"p.Ile113Ser",13.306,113
"p.Ile113Cys",11.342,113
"p.Ile113Gly",13.826,113
"p.Ile113Ala",9.659,113
"p.Ile113Val",3.501,113
"p.Ile113Leu",8.195,113
"p.Ile113Ile",0,113
"p.Ile113Met",9.759,113
"p.Ile113Pro",13.576,113
"p.Ile113Tyr",14.717,113
"p.Ile113Phe",11.122,113
"p.Ile113Trp",16.112,113
"p.Ile114Lys",10.323,114
"p.Ile114Arg",11.963,114
"p.Ile114His",14.128,114
"p.Ile114Glu",14.47,114
"p.Ile114Asp",16.112,114
"p.Ile114Asn",13.336,114
"p.Ile114Gln",12.555,114
"p.Ile114Thr",9.595,114
"p.Ile114Ser",12.612,114
"p.Ile114Cys",11.038,114
"p.Ile114Gly",13.223,114
"p.Ile114Ala",9.755,114
"p.Ile114Val",4.061,114
"p.Ile114Leu",5.227,114
"p.Ile114Ile",0,114
"p.Ile114Met",8.485,114
"p.Ile114Pro",14.423,114
"p.Ile114Tyr",12.886,114
"p.Ile114Phe",10.323,114
"p.Ile114Trp",14.989,114
"p.Gly115Lys",12.219,115
"p.Gly115Arg",11.775,115
"p.Gly115His",14.087,115
"p.Gly115Glu",11.184,115
"p.Gly115Asp",11.057,115
"p.Gly115Asn",10.09,115
"p.Gly115Gln",13.571,115
"p.Gly115Thr",12.235,115
"p.Gly115Ser",9.373,115
"p.Gly115Cys",10.819,115
"p.Gly115Gly",0,115
"p.Gly115Ala",8.998,115
"p.Gly115Val",12.92,115
"p.Gly115Leu",14.942,115
"p.Gly115Ile",16.11,115
"p.Gly115Met",15.114,115
"p.Gly115Pro",17.072,115
"p.Gly115Tyr",15.976,115
"p.Gly115Phe",15.069,115
"p.Gly115Trp",16.201,115
"p.Arg116Lys",9.704,116
"p.Arg116Arg",0,116
"p.Arg116His",10.588,116
"p.Arg116Glu",16.722,116
"p.Arg116Asp",18.052,116
"p.Arg116Asn",15.731,116
"p.Arg116Gln",12.65,116
"p.Arg116Thr",15.363,116
"p.Arg116Ser",13.856,116
"p.Arg116Cys",11.76,116
"p.Arg116Gly",13.628,116
"p.Arg116Ala",15.875,116
"p.Arg116Val",15.759,116
"p.Arg116Leu",12.116,116
"p.Arg116Ile",15.346,116
"p.Arg116Met",14.515,116
"p.Arg116Pro",15.01,116
"p.Arg116Tyr",15.89,116
"p.Arg116Phe",16.293,116
"p.Arg116Trp",14.345,116
"p.Thr117Lys",12.202,117
"p.Thr117Arg",12.388,117
"p.Thr117His",12.939,117
"p.Thr117Glu",10.226,117
"p.Thr117Asp",12.907,117
"p.Thr117Asn",10.597,117
"p.Thr117Gln",10.814,117
"p.Thr117Thr",0,117
"p.Thr117Ser",4.723,117
"p.Thr117Cys",8.494,117
"p.Thr117Gly",7.344,117
"p.Thr117Ala",4.669,117
"p.Thr117Val",10.389,117
"p.Thr117Leu",13.084,117
"p.Thr117Ile",12.92,117
"p.Thr117Met",10.656,117
"p.Thr117Pro",13.537,117
"p.Thr117Tyr",13.26,117
"p.Thr117Phe",12.934,117
"p.Thr117Trp",15.203,117
"p.Leu118Lys",12.868,118
"p.Leu118Arg",13.363,118
"p.Leu118His",10.859,118
"p.Leu118Glu",14.488,118
"p.Leu118Asp",14.3,118
"p.Leu118Asn",10.148,118
"p.Leu118Gln",12.432,118
"p.Leu118Thr",8.005,118
"p.Leu118Ser",10.644,118
"p.Leu118Cys",8.05,118
"p.Leu118Gly",11.476,118
"p.Leu118Ala",8.543,118
"p.Leu118Val",4.362,118
"p.Leu118Leu",0,118
"p.Leu118Ile",4.993,118
"p.Leu118Met",4.326,118
"p.Leu118Pro",13.571,118
"p.Leu118Tyr",10.667,118
"p.Leu118Phe",4.623,118
"p.Leu118Trp",11.711,118
"p.Val119Lys",18.219,119
"p.Val119Arg",18.777,119
"p.Val119His",17.748,119
"p.Val119Glu",14.999,119
"p.Val119Asp",10.778,119
"p.Val119Asn",11.416,119
"p.Val119Gln",16.318,119
"p.Val119Thr",11.106,119
"p.Val119Ser",12.662,119
"p.Val119Cys",10.055,119
"p.Val119Gly",12.401,119
"p.Val119Ala",8.821,119
"p.Val119Val",0,119
"p.Val119Leu",11.271,119
"p.Val119Ile",9.979,119
"p.Val119Met",13.78,119
"p.Val119Pro",13.445,119
"p.Val119Tyr",16.13,119
"p.Val119Phe",15.186,119
"p.Val119Trp",19.557,119
"p.Val120Lys",17.753,120
"p.Val120Arg",18.588,120
"p.Val120His",17.971,120
"p.Val120Glu",16.516,120
"p.Val120Asp",16.852,120
"p.Val120Asn",15.521,120
"p.Val120Gln",17.65,120
"p.Val120Thr",12.175,120
"p.Val120Ser",14.694,120
"p.Val120Cys",11.08,120
"p.Val120Gly",15.039,120
"p.Val120Ala",9.718,120
"p.Val120Val",0,120
"p.Val120Leu",8.343,120
"p.Val120Ile",5.873,120
"p.Val120Met",11.439,120
"p.Val120Pro",14.641,120
"p.Val120Tyr",15.431,120
"p.Val120Phe",11.663,120
"p.Val120Trp",17.054,120
"p.His121Lys",15.895,121
"p.His121Arg",13.789,121
"p.His121His",0,121
"p.His121Glu",13.623,121
"p.His121Asp",12.93,121
"p.His121Asn",13.723,121
"p.His121Gln",12.984,121
"p.His121Thr",10.432,121
"p.His121Ser",13.96,121
"p.His121Cys",13.84,121
"p.His121Gly",16.116,121
"p.His121Ala",14.772,121
"p.His121Val",15.939,121
"p.His121Leu",13.803,121
"p.His121Ile",15.774,121
"p.His121Met",15.063,121
"p.His121Pro",15.384,121
"p.His121Tyr",12.447,121
"p.His121Phe",15.539,121
"p.His121Trp",15.482,121
"p.Glu122Lys",6.923,122
"p.Glu122Arg",10.029,122
"p.Glu122His",10.373,122
"p.Glu122Glu",0,122
"p.Glu122Asp",7.169,122
"p.Glu122Asn",9.463,122
"p.Glu122Gln",6,122
"p.Glu122Thr",9.008,122
"p.Glu122Ser",6.969,122
"p.Glu122Cys",10.796,122
"p.Glu122Gly",8.351,122
"p.Glu122Ala",4.083,122
"p.Glu122Val",8.761,122
"p.Glu122Leu",10.707,122
"p.Glu122Ile",11.121,122
"p.Glu122Met",10.861,122
"p.Glu122Pro",12.9,122
"p.Glu122Tyr",11.702,122
"p.Glu122Phe",11.924,122
"p.Glu122Trp",13.019,122
"p.Lys123Lys",0,123
"p.Lys123Arg",6.419,123
"p.Lys123His",9.74,123
"p.Lys123Glu",9.775,123
"p.Lys123Asp",8.426,123
"p.Lys123Asn",7.807,123
"p.Lys123Gln",8.655,123
"p.Lys123Thr",10.343,123
"p.Lys123Ser",9.849,123
"p.Lys123Cys",11.809,123
"p.Lys123Gly",7.224,123
"p.Lys123Ala",9.6,123
"p.Lys123Val",11.194,123
"p.Lys123Leu",8.328,123
"p.Lys123Ile",12.611,123
"p.Lys123Met",9.909,123
"p.Lys123Pro",14.949,123
"p.Lys123Tyr",12.729,123
"p.Lys123Phe",11.716,123
"p.Lys123Trp",14.219,123
"p.Ala124Lys",4.071,124
"p.Ala124Arg",5.998,124
"p.Ala124His",7.508,124
"p.Ala124Glu",2.663,124
"p.Ala124Asp",6.701,124
"p.Ala124Asn",6.854,124
"p.Ala124Gln",3.342,124
"p.Ala124Thr",5.068,124
"p.Ala124Ser",5.109,124
"p.Ala124Cys",8.321,124
"p.Ala124Gly",7.241,124
"p.Ala124Ala",0,124
"p.Ala124Val",4.346,124
"p.Ala124Leu",5.836,124
"p.Ala124Ile",5.427,124
"p.Ala124Met",6.346,124
"p.Ala124Pro",2.548,124
"p.Ala124Tyr",9.697,124
"p.Ala124Phe",8.752,124
"p.Ala124Trp",10.109,124
"p.Asp125Lys",17.796,125
"p.Asp125Arg",18.424,125
"p.Asp125His",16.815,125
"p.Asp125Glu",13.449,125
"p.Asp125Asp",0,125
"p.Asp125Asn",12.165,125
"p.Asp125Gln",17.423,125
"p.Asp125Thr",15.271,125
"p.Asp125Ser",14.72,125
"p.Asp125Cys",11.878,125
"p.Asp125Gly",13.493,125
"p.Asp125Ala",14.169,125
"p.Asp125Val",15.902,125
"p.Asp125Leu",16.489,125
"p.Asp125Ile",17.664,125
"p.Asp125Met",18.841,125
"p.Asp125Pro",17.402,125
"p.Asp125Tyr",15.441,125
"p.Asp125Phe",17.988,125
"p.Asp125Trp",19.89,125
"p.Asp126Lys",18.224,126
"p.Asp126Arg",19.4,126
"p.Asp126His",15.688,126
"p.Asp126Glu",11.651,126
"p.Asp126Asp",0,126
"p.Asp126Asn",12.319,126
"p.Asp126Gln",16.18,126
"p.Asp126Thr",17.119,126
"p.Asp126Ser",16.444,126
"p.Asp126Cys",16.121,126
"p.Asp126Gly",13.237,126
"p.Asp126Ala",15.334,126
"p.Asp126Val",15.081,126
"p.Asp126Leu",18.023,126
"p.Asp126Ile",18.597,126
"p.Asp126Met",19.644,126
"p.Asp126Pro",19.805,126
"p.Asp126Tyr",14.624,126
"p.Asp126Phe",17.495,126
"p.Asp126Trp",20.533,126
"p.Leu127Lys",12.919,127
"p.Leu127Arg",12.236,127
"p.Leu127His",11.531,127
"p.Leu127Glu",13.094,127
"p.Leu127Asp",14.05,127
"p.Leu127Asn",14.266,127
"p.Leu127Gln",11.779,127
"p.Leu127Thr",13.146,127
"p.Leu127Ser",13.159,127
"p.Leu127Cys",12.724,127
"p.Leu127Gly",14.591,127
"p.Leu127Ala",14.152,127
"p.Leu127Val",10.988,127
"p.Leu127Leu",0,127
"p.Leu127Ile",10.069,127
"p.Leu127Met",8.268,127
"p.Leu127Pro",11.505,127
"p.Leu127Tyr",11.186,127
"p.Leu127Phe",8.716,127
"p.Leu127Trp",12.477,127
"p.Gly128Lys",12.942,128
"p.Gly128Arg",13.217,128
"p.Gly128His",13.585,128
"p.Gly128Glu",10.699,128
"p.Gly128Asp",10.663,128
"p.Gly128Asn",12.128,128
"p.Gly128Gln",11.887,128
"p.Gly128Thr",13.778,128
"p.Gly128Ser",10.925,128
"p.Gly128Cys",12.423,128
"p.Gly128Gly",0,128
"p.Gly128Ala",9.928,128
"p.Gly128Val",15.339,128
"p.Gly128Leu",14.338,128
"p.Gly128Ile",17.986,128
"p.Gly128Met",14.704,128
"p.Gly128Pro",17.196,128
"p.Gly128Tyr",15.549,128
"p.Gly128Phe",14.634,128
"p.Gly128Trp",15.399,128
"p.Lys129Lys",0,129
"p.Lys129Arg",4.453,129
"p.Lys129His",8.85,129
"p.Lys129Glu",10.448,129
"p.Lys129Asp",11.318,129
"p.Lys129Asn",9.719,129
"p.Lys129Gln",8.255,129
"p.Lys129Thr",9.231,129
"p.Lys129Ser",10.311,129
"p.Lys129Cys",10.624,129
"p.Lys129Gly",11.809,129
"p.Lys129Ala",9.592,129
"p.Lys129Val",9.799,129
"p.Lys129Leu",6.53,129
"p.Lys129Ile",10.502,129
"p.Lys129Met",9.476,129
"p.Lys129Pro",13.805,129
"p.Lys129Tyr",11.523,129
"p.Lys129Phe",11.349,129
"p.Lys129Trp",13.313,129
"p.Gly130Lys",8.755,130
"p.Gly130Arg",10.741,130
"p.Gly130His",8.492,130
"p.Gly130Glu",6.901,130
"p.Gly130Asp",8.023,130
"p.Gly130Asn",7.089,130
"p.Gly130Gln",7.687,130
"p.Gly130Thr",7.988,130
"p.Gly130Ser",7.716,130
"p.Gly130Cys",10.428,130
"p.Gly130Gly",0,130
"p.Gly130Ala",8.086,130
"p.Gly130Val",8.54,130
"p.Gly130Leu",10.354,130
"p.Gly130Ile",10.959,130
"p.Gly130Met",9.687,130
"p.Gly130Pro",13.763,130
"p.Gly130Tyr",11.199,130
"p.Gly130Phe",10.808,130
"p.Gly130Trp",13.293,130
"p.Gly131Lys",9.1,131
"p.Gly131Arg",11.949,131
"p.Gly131His",10.365,131
"p.Gly131Glu",7.783,131
"p.Gly131Asp",5.272,131
"p.Gly131Asn",6.122,131
"p.Gly131Gln",9.401,131
"p.Gly131Thr",8.731,131
"p.Gly131Ser",8.301,131
"p.Gly131Cys",11.875,131
"p.Gly131Gly",0,131
"p.Gly131Ala",9.443,131
"p.Gly131Val",10.783,131
"p.Gly131Leu",11.844,131
"p.Gly131Ile",12.425,131
"p.Gly131Met",11.818,131
"p.Gly131Pro",12.605,131
"p.Gly131Tyr",13.331,131
"p.Gly131Phe",13.523,131
"p.Gly131Trp",15.461,131
"p.Asn132Lys",6.575,132
"p.Asn132Arg",7.847,132
"p.Asn132His",2.21,132
"p.Asn132Glu",8.764,132
"p.Asn132Asp",5.772,132
"p.Asn132Asn",0,132
"p.Asn132Gln",7.997,132
"p.Asn132Thr",7.753,132
"p.Asn132Ser",5.404,132
"p.Asn132Cys",8.439,132
"p.Asn132Gly",5.769,132
"p.Asn132Ala",8.358,132
"p.Asn132Val",11.055,132
"p.Asn132Leu",10.568,132
"p.Asn132Ile",11.324,132
"p.Asn132Met",10.139,132
"p.Asn132Pro",11.723,132
"p.Asn132Tyr",8.379,132
"p.Asn132Phe",9.464,132
"p.Asn132Trp",11.126,132
"p.Glu133Lys",8.592,133
"p.Glu133Arg",13.012,133
"p.Glu133His",12.03,133
"p.Glu133Glu",0,133
"p.Glu133Asp",5.044,133
"p.Glu133Asn",9.568,133
"p.Glu133Gln",8.431,133
"p.Glu133Thr",9.33,133
"p.Glu133Ser",8.96,133
"p.Glu133Cys",13.662,133
"p.Glu133Gly",9.574,133
"p.Glu133Ala",7.047,133
"p.Glu133Val",8.532,133
"p.Glu133Leu",10.38,133
"p.Glu133Ile",10.547,133
"p.Glu133Met",11.556,133
"p.Glu133Pro",7.286,133
"p.Glu133Tyr",14.138,133
"p.Glu133Phe",13.611,133
"p.Glu133Trp",15.872,133
"p.Glu134Lys",9.174,134
"p.Glu134Arg",12.15,134
"p.Glu134His",9.379,134
"p.Glu134Glu",0,134
"p.Glu134Asp",5.098,134
"p.Glu134Asn",8.638,134
"p.Glu134Gln",6.877,134
"p.Glu134Thr",9.27,134
"p.Glu134Ser",8.804,134
"p.Glu134Cys",12.028,134
"p.Glu134Gly",8.212,134
"p.Glu134Ala",6.195,134
"p.Glu134Val",8.934,134
"p.Glu134Leu",5.943,134
"p.Glu134Ile",9.971,134
"p.Glu134Met",8.082,134
"p.Glu134Pro",11.821,134
"p.Glu134Tyr",10.349,134
"p.Glu134Phe",9.71,134
"p.Glu134Trp",12.34,134
"p.Ser135Lys",17.033,135
"p.Ser135Arg",17.179,135
"p.Ser135His",18.724,135
"p.Ser135Glu",16.593,135
"p.Ser135Asp",16.01,135
"p.Ser135Asn",14.645,135
"p.Ser135Gln",18.433,135
"p.Ser135Thr",10.911,135
"p.Ser135Ser",0,135
"p.Ser135Cys",14.486,135
"p.Ser135Gly",14.484,135
"p.Ser135Ala",13.726,135
"p.Ser135Val",18.104,135
"p.Ser135Leu",15.16,135
"p.Ser135Ile",17.681,135
"p.Ser135Met",17.899,135
"p.Ser135Pro",16.101,135
"p.Ser135Tyr",17.899,135
"p.Ser135Phe",15.39,135
"p.Ser135Trp",17.715,135
"p.Thr136Lys",0.339,136
"p.Thr136Arg",4.064,136
"p.Thr136His",7.427,136
"p.Thr136Glu",5.501,136
"p.Thr136Asp",7.563,136
"p.Thr136Asn",5.192,136
"p.Thr136Gln",4.939,136
"p.Thr136Thr",0,136
"p.Thr136Ser",4.989,136
"p.Thr136Cys",7.597,136
"p.Thr136Gly",7.19,136
"p.Thr136Ala",5.198,136
"p.Thr136Val",4.59,136
"p.Thr136Leu",-0.568,136
"p.Thr136Ile",4.701,136
"p.Thr136Met",4.008,136
"p.Thr136Pro",9.088,136
"p.Thr136Tyr",8.09,136
"p.Thr136Phe",6.541,136
"p.Thr136Trp",7.569,136
"p.Lys137Lys",0,137
"p.Lys137Arg",7.973,137
"p.Lys137His",12.114,137
"p.Lys137Glu",11.005,137
"p.Lys137Asp",13.084,137
"p.Lys137Asn",10.259,137
"p.Lys137Gln",9.1,137
"p.Lys137Thr",5.734,137
"p.Lys137Ser",8.987,137
"p.Lys137Cys",12.696,137
"p.Lys137Gly",12.173,137
"p.Lys137Ala",9.911,137
"p.Lys137Val",7.395,137
"p.Lys137Leu",9.625,137
"p.Lys137Ile",7.417,137
"p.Lys137Met",9.702,137
"p.Lys137Pro",14.619,137
"p.Lys137Tyr",14.897,137
"p.Lys137Phe",13.169,137
"p.Lys137Trp",16.657,137
"p.Thr138Lys",15.136,138
"p.Thr138Arg",17.492,138
"p.Thr138His",16.507,138
"p.Thr138Glu",15.246,138
"p.Thr138Asp",13.044,138
"p.Thr138Asn",12.716,138
"p.Thr138Gln",16.756,138
"p.Thr138Thr",0,138
"p.Thr138Ser",10.298,138
"p.Thr138Cys",13.313,138
"p.Thr138Gly",15.151,138
"p.Thr138Ala",11.512,138
"p.Thr138Val",13.386,138
"p.Thr138Leu",15.403,138
"p.Thr138Ile",12.369,138
"p.Thr138Met",14.112,138
"p.Thr138Pro",14.312,138
"p.Thr138Tyr",16.721,138
"p.Thr138Phe",17.11,138
"p.Thr138Trp",19.884,138
"p.Gly139Lys",14.765,139
"p.Gly139Arg",11.629,139
"p.Gly139His",16.029,139
"p.Gly139Glu",12.221,139
"p.Gly139Asp",12.846,139
"p.Gly139Asn",14.268,139
"p.Gly139Gln",15.682,139
"p.Gly139Thr",17.088,139
"p.Gly139Ser",11.935,139
"p.Gly139Cys",11.794,139
"p.Gly139Gly",0,139
"p.Gly139Ala",13.174,139
"p.Gly139Val",15.086,139
"p.Gly139Leu",16.321,139
"p.Gly139Ile",18.605,139
"p.Gly139Met",16.521,139
"p.Gly139Pro",19.431,139
"p.Gly139Tyr",15.974,139
"p.Gly139Phe",15.224,139
"p.Gly139Trp",13.685,139
"p.Asn140Lys",13.395,140
"p.Asn140Arg",15.26,140
"p.Asn140His",8.473,140
"p.Asn140Glu",12.347,140
"p.Asn140Asp",6.519,140
"p.Asn140Asn",0,140
"p.Asn140Gln",12.981,140
"p.Asn140Thr",12.215,140
"p.Asn140Ser",10.025,140
"p.Asn140Cys",12.288,140
"p.Asn140Gly",8.24,140
"p.Asn140Ala",11.605,140
"p.Asn140Val",13.537,140
"p.Asn140Leu",14.28,140
"p.Asn140Ile",14.11,140
"p.Asn140Met",12.459,140
"p.Asn140Pro",18.1,140
"p.Asn140Tyr",13.141,140
"p.Asn140Phe",13.526,140
"p.Asn140Trp",18.176,140
"p.Ala141Lys",15.065,141
"p.Ala141Arg",15.638,141
"p.Ala141His",17.748,141
"p.Ala141Glu",14.184,141
"p.Ala141Asp",13.378,141
"p.Ala141Asn",14.298,141
"p.Ala141Gln",15.392,141
"p.Ala141Thr",11.532,141
"p.Ala141Ser",6.417,141
"p.Ala141Cys",10.308,141
"p.Ala141Gly",10.311,141
"p.Ala141Ala",0,141
"p.Ala141Val",10.73,141
"p.Ala141Leu",16.45,141
"p.Ala141Ile",15.606,141
"p.Ala141Met",15.629,141
"p.Ala141Pro",13.197,141
"p.Ala141Tyr",17.384,141
"p.Ala141Phe",16.439,141
"p.Ala141Trp",19.447,141
"p.Gly142Lys",16.552,142
"p.Gly142Arg",14.226,142
"p.Gly142His",17.88,142
"p.Gly142Glu",12.548,142
"p.Gly142Asp",12.403,142
"p.Gly142Asn",13.913,142
"p.Gly142Gln",16.709,142
"p.Gly142Thr",16.742,142
"p.Gly142Ser",11.092,142
"p.Gly142Cys",13.045,142
"p.Gly142Gly",0,142
"p.Gly142Ala",13.022,142
"p.Gly142Val",16.111,142
"p.Gly142Leu",17.923,142
"p.Gly142Ile",19.572,142
"p.Gly142Met",18.943,142
"p.Gly142Pro",20.622,142
"p.Gly142Tyr",17.888,142
"p.Gly142Phe",17.775,142
"p.Gly142Trp",16.851,142
"p.Ser143Lys",6.869,143
"p.Ser143Arg",9.462,143
"p.Ser143His",8.594,143
"p.Ser143Glu",4.988,143
"p.Ser143Asp",5.02,143
"p.Ser143Asn",6.513,143
"p.Ser143Gln",6.094,143
"p.Ser143Thr",5.569,143
"p.Ser143Ser",0,143
"p.Ser143Cys",9.276,143
"p.Ser143Gly",2.442,143
"p.Ser143Ala",1.173,143
"p.Ser143Val",6.888,143
"p.Ser143Leu",7.67,143
"p.Ser143Ile",9.254,143
"p.Ser143Met",7.535,143
"p.Ser143Pro",3.272,143
"p.Ser143Tyr",10.223,143
"p.Ser143Phe",9.38,143
"p.Ser143Trp",12.714,143
"p.Arg144Lys",13.268,144
"p.Arg144Arg",0,144
"p.Arg144His",17.839,144
"p.Arg144Glu",20.113,144
"p.Arg144Asp",21.122,144
"p.Arg144Asn",17.267,144
"p.Arg144Gln",15.736,144
"p.Arg144Thr",15.818,144
"p.Arg144Ser",15.481,144
"p.Arg144Cys",15.163,144
"p.Arg144Gly",13.204,144
"p.Arg144Ala",15.91,144
"p.Arg144Val",15.575,144
"p.Arg144Leu",16.496,144
"p.Arg144Ile",16.702,144
"p.Arg144Met",17.721,144
"p.Arg144Pro",15.064,144
"p.Arg144Tyr",20.441,144
"p.Arg144Phe",19.8,144
"p.Arg144Trp",19.193,144
"p.Leu145Lys",8.216,145
"p.Leu145Arg",9.365,145
"p.Leu145His",11.136,145
"p.Leu145Glu",12.22,145
"p.Leu145Asp",13.862,145
"p.Leu145Asn",10.328,145
"p.Leu145Gln",9.993,145
"p.Leu145Thr",9.007,145
"p.Leu145Ser",9.681,145
"p.Leu145Cys",8.21,145
"p.Leu145Gly",11.3,145
"p.Leu145Ala",7.026,145
"p.Leu145Val",4.457,145
"p.Leu145Leu",0,145
"p.Leu145Ile",5.693,145
"p.Leu145Met",7.509,145
"p.Leu145Pro",8.875,145
"p.Leu145Tyr",9.947,145
"p.Leu145Phe",8.62,145
"p.Leu145Trp",11.09,145
"p.Ala146Lys",15.112,146
"p.Ala146Arg",15.372,146
"p.Ala146His",16.232,146
"p.Ala146Glu",14.893,146
"p.Ala146Asp",15.75,146
"p.Ala146Asn",13.471,146
"p.Ala146Gln",13.983,146
"p.Ala146Thr",9.292,146
"p.Ala146Ser",6.092,146
"p.Ala146Cys",8.032,146
"p.Ala146Gly",5.156,146
"p.Ala146Ala",0,146
"p.Ala146Val",10.075,146
"p.Ala146Leu",12.22,146
"p.Ala146Ile",12.442,146
"p.Ala146Met",13.128,146
"p.Ala146Pro",13.827,146
"p.Ala146Tyr",15.301,146
"p.Ala146Phe",14.346,146
"p.Ala146Trp",17.602,146
"p.Cys147Lys",17.256,147
"p.Cys147Arg",13.137,147
"p.Cys147His",15.287,147
"p.Cys147Glu",15.403,147
"p.Cys147Asp",15.51,147
"p.Cys147Asn",14.954,147
"p.Cys147Gln",13.764,147
"p.Cys147Thr",12.651,147
"p.Cys147Ser",11.293,147
"p.Cys147Cys",0,147
"p.Cys147Gly",11.807,147
"p.Cys147Ala",12.319,147
"p.Cys147Val",13.175,147
"p.Cys147Leu",13.543,147
"p.Cys147Ile",14.202,147
"p.Cys147Met",15.136,147
"p.Cys147Pro",16.27,147
"p.Cys147Tyr",10.997,147
"p.Cys147Phe",9.803,147
"p.Cys147Trp",12.141,147
"p.Gly148Lys",15.745,148
"p.Gly148Arg",14.709,148
"p.Gly148His",17.89,148
"p.Gly148Glu",16.211,148
"p.Gly148Asp",16.314,148
"p.Gly148Asn",14.743,148
"p.Gly148Gln",16.584,148
"p.Gly148Thr",14.378,148
"p.Gly148Ser",11.586,148
"p.Gly148Cys",8.294,148
"p.Gly148Gly",0,148
"p.Gly148Ala",7.533,148
"p.Gly148Val",14.226,148
"p.Gly148Leu",16.387,148
"p.Gly148Ile",16.406,148
"p.Gly148Met",16.402,148
"p.Gly148Pro",17.295,148
"p.Gly148Tyr",18.801,148
"p.Gly148Phe",17.35,148
"p.Gly148Trp",18.92,148
"p.Val149Lys",13.994,149
"p.Val149Arg",15.211,149
"p.Val149His",15.52,149
"p.Val149Glu",13.003,149
"p.Val149Asp",14.507,149
"p.Val149Asn",13.695,149
"p.Val149Gln",13.462,149
"p.Val149Thr",10.669,149
"p.Val149Ser",13.448,149
"p.Val149Cys",11.486,149
"p.Val149Gly",14.351,149
"p.Val149Ala",10.048,149
"p.Val149Val",0,149
"p.Val149Leu",8.296,149
"p.Val149Ile",4.707,149
"p.Val149Met",10.556,149
"p.Val149Pro",14.006,149
"p.Val149Tyr",13.005,149
"p.Val149Phe",11.178,149
"p.Val149Trp",15.404,149
"p.Ile150Lys",17.433,150
"p.Ile150Arg",17.798,150
"p.Ile150His",18.933,150
"p.Ile150Glu",16.656,150
"p.Ile150Asp",17.078,150
"p.Ile150Asn",16.049,150
"p.Ile150Gln",16.655,150
"p.Ile150Thr",12.633,150
"p.Ile150Ser",15.684,150
"p.Ile150Cys",12.01,150
"p.Ile150Gly",15.709,150
"p.Ile150Ala",12.557,150
"p.Ile150Val",6.015,150
"p.Ile150Leu",9.407,150
"p.Ile150Ile",0,150
"p.Ile150Met",10.696,150
"p.Ile150Pro",16.713,150
"p.Ile150Tyr",16.529,150
"p.Ile150Phe",9.616,150
"p.Ile150Trp",17.405,150
"p.Gly151Lys",11.594,151
"p.Gly151Arg",11.859,151
"p.Gly151His",13.556,151
"p.Gly151Glu",10.777,151
"p.Gly151Asp",12.084,151
"p.Gly151Asn",10.513,151
"p.Gly151Gln",11.453,151
"p.Gly151Thr",12.247,151
"p.Gly151Ser",9.098,151
"p.Gly151Cys",11.481,151
"p.Gly151Gly",0,151
"p.Gly151Ala",6.732,151
"p.Gly151Val",13.366,151
"p.Gly151Leu",14.152,151
"p.Gly151Ile",15.199,151
"p.Gly151Met",14.685,151
"p.Gly151Pro",11.731,151
"p.Gly151Tyr",15.318,151
"p.Gly151Phe",15.254,151
"p.Gly151Trp",16.906,151
"p.Ile152Lys",8.795,152
"p.Ile152Arg",8.761,152
"p.Ile152His",9.41,152
"p.Ile152Glu",12.059,152
"p.Ile152Asp",14.058,152
"p.Ile152Asn",11.754,152
"p.Ile152Gln",9.543,152
"p.Ile152Thr",10.258,152
"p.Ile152Ser",10.915,152
"p.Ile152Cys",10.907,152
"p.Ile152Gly",13.294,152
"p.Ile152Ala",10.248,152
"p.Ile152Val",6.423,152
"p.Ile152Leu",4.379,152
"p.Ile152Ile",0,152
"p.Ile152Met",7.873,152
"p.Ile152Pro",13.145,152
"p.Ile152Tyr",7.386,152
"p.Ile152Phe",6.648,152
"p.Ile152Trp",10.037,152
"p.Ala153Lys",6.252,153
"p.Ala153Arg",8.308,153
"p.Ala153His",9.439,153
"p.Ala153Glu",7.718,153
"p.Ala153Asp",9.476,153
"p.Ala153Asn",7.195,153
"p.Ala153Gln",3.738,153
"p.Ala153Thr",4.559,153
"p.Ala153Ser",4.152,153
"p.Ala153Cys",7.484,153
"p.Ala153Gly",7.285,153
"p.Ala153Ala",0,153
"p.Ala153Val",4.275,153
"p.Ala153Leu",6.389,153
"p.Ala153Ile",5.889,153
"p.Ala153Met",7.208,153
"p.Ala153Pro",9.597,153
"p.Ala153Tyr",9.848,153
"p.Ala153Phe",8.963,153
"p.Ala153Trp",11.423,153
"p.Gln154Lys",3.52,154
"p.Gln154Arg",7.025,154
"p.Gln154His",6.617,154
"p.Gln154Glu",6.481,154
"p.Gln154Asp",7.444,154
"p.Gln154Asn",4.816,154
"p.Gln154Gln",0,154
"p.Gln154Thr",5.851,154
"p.Gln154Ser",3.871,154
"p.Gln154Cys",9.403,154
"p.Gln154Gly",5.837,154
"p.Gln154Ala",3.775,154
"p.Gln154Val",6.856,154
"p.Gln154Leu",6.773,154
"p.Gln154Ile",7.65,154
"p.Gln154Met",7.824,154
"p.Gln154Pro",6.5,154
"p.Gln154Tyr",9.433,154
"p.Gln154Phe",8.959,154
"p.Gln154Trp",11.598,154
