"hgvsp","referenceSet"
"p.Lys4Glu","Positive"
"p.Gly38Arg","Positive"
"p.Leu39Val","Positive"
"p.Leu39Gln","Positive"
"p.Gly42Ser","Positive"
"p.Gly42Asp","Positive"
"p.His44Arg","Positive"
"p.Ala5Thr","Positive"
"p.Ala5Ser","Positive"
"p.His47Arg","Positive"
"p.Val48Ala","Positive"
"p.His49Arg","Positive"
"p.Ala5Val","Positive"
"p.Phe65Leu","Positive"
"p.Asn66Ser","Positive"
"p.Cys7Ser","Positive"
"p.Cys7Gly","Positive"
"p.Gly73Ser","Positive"
"p.Asp77Tyr","Positive"
"p.Asp77Val","Positive"
"p.His81Tyr","Positive"
"p.His81Arg","Positive"
"p.Leu85Phe","Positive"
"p.Gly86Ser","Positive"
"p.Gly86Arg","Positive"
"p.Asn87Ser","Positive"
"p.Val88Met","Positive"
"p.Val88Ala","Positive"
"p.Ala90Thr","Positive"
"p.Ala90Val","Positive"
"p.Gly94Ser","Positive"
"p.Gly94Arg","Positive"
"p.Gly94Cys","Positive"
"p.Gly94Asp","Positive"
"p.Gly94Ala","Positive"
"p.Ala96Thr","Positive"
"p.Glu101Lys","Positive"
"p.Glu101Gly","Positive"
"p.Asp102Asn","Positive"
"p.Asp102His","Positive"
"p.Ser106Leu","Positive"
"p.Leu107Val","Positive"
"p.Leu107Phe","Positive"
"p.Cys112Tyr","Positive"
"p.Ile113Thr","Positive"
"p.Ile114Thr","Positive"
"p.Ile114Met","Positive"
"p.Gly115Ser","Positive"
"p.Gly115Ala","Positive"
"p.Arg116Gly","Positive"
"p.Arg116Cys","Positive"
"p.Arg116His","Positive"
"p.Leu118Val","Positive"
"p.Val120Leu","Positive"
"p.Asp125Gly","Positive"
"p.Asp125Val","Positive"
"p.Gly13Arg","Positive"
"p.Leu127Ser","Positive"
"p.Glu134Ala","Positive"
"p.Glu134Gly","Positive"
"p.Thr138Ala","Positive"
"p.Thr138Ile","Positive"
"p.Asn140Lys","Positive"
"p.Gly142Ala","Positive"
"p.Gly142Val","Positive"
"p.Leu145Ser","Positive"
"p.Leu145Phe","Positive"
"p.Ala146Thr","Positive"
"p.Ala146Val","Positive"
"p.Cys147Arg","Positive"
"p.Val15Met","Positive"
"p.Val15Leu","Positive"
"p.Gly148Cys","Positive"
"p.Gly148Asp","Positive"
"p.Val149Ile","Positive"
"p.Val149Gly","Positive"
"p.Ile150Thr","Positive"
"p.Val15Gly","Positive"
"p.Gly17Cys","Positive"
"p.Gly17Ala","Positive"
"p.Asn20Ser","Negative"
"p.Phe21Cys","Positive"
"p.Phe21Leu","Positive"
"p.Gln23Pro","Positive"
"p.Gln23His","Positive"
"p.Ala2Val","Negative"
"p.Thr3Arg","Negative"
"p.Val8Met","Negative"
"p.Lys10Gln","Negative"
"p.Lys10Asn","Negative"
"p.Gly11Ser","Negative"
"p.Asp12Asn","Negative"
"p.Asp12Gly","Negative"
"p.Asp12Glu","Negative"
"p.Gly13Ser","Negative"
"p.Gly13Asp","Negative"
"p.Pro14Ser","Negative"
"p.Val15Ala","Negative"
"p.Gln16Glu","Negative"
"p.Gln16Arg","Negative"
"p.Gln16His","Negative"
"p.Gly17Val","Negative"
"p.Ile18Val","Negative"
"p.Ile18Thr","Negative"
"p.Ile19Met","Negative"
"p.Gln23Arg","Negative"
"p.Lys24Gln","Negative"
"p.Glu25Gly","Negative"
"p.Ser26Asn","Negative"
"p.Gly28Arg","Negative"
"p.Pro29Arg","Negative"
"p.Lys31Met","Negative"
"p.Lys31Arg","Negative"
"p.Val32Leu","Negative"
"p.Val32Gly","Negative"
"p.Ser35Gly","Negative"
"p.Ser35Ile","Negative"
"p.Ser35Thr","Negative"
"p.Glu41Lys","Negative"
"p.His44Tyr","Negative"
"p.Phe46Val","Negative"
"p.Phe46Leu","Negative"
"p.His47Pro","Negative"
"p.Phe51Leu","Negative"
"p.Phe51Cys","Negative"
"p.Thr55Ile","Negative"
"p.Thr55Arg","Negative"
"p.Ala56Val","Negative"
"p.Cys58Ser","Negative"
"p.Ala61Thr","Negative"
"p.Ala61Val","Negative"
"p.Ala61Glu","Negative"
"p.Leu68Val","Negative"
"p.Ser69Tyr","Negative"
"p.Ser69Phe","Negative"
"p.Gly73Cys","Negative"
"p.Gly73Ala","Negative"
"p.Gly74Glu","Negative"
"p.Asp77Asn","Negative"
"p.Val88Leu","Negative"
"p.Thr89Ile","Negative"
"p.Asp91Asn","Negative"
"p.Lys92Glu","Negative"
"p.Lys92Asn","Negative"
"p.Asp93His","Negative"
"p.Asp93Gly","Negative"
"p.Val95Ala","Negative"
"p.Asp97His","Negative"
"p.Asp97Glu","Negative"
"p.Val98Met","Negative"
"p.Ile100Val","Negative"
"p.Ile100Thr","Negative"
"p.Ser103Thr","Negative"
"p.Ser103Phe","Negative"
"p.Ile105Val","Negative"
"p.Ile105Thr","Negative"
"p.Gly109Glu","Negative"
"p.Asp110Glu","Negative"
"p.His111Asp","Negative"
"p.Cys112Ser","Negative"
"p.Gly115Asp","Negative"
"p.His121Arg","Negative"
"p.Glu122Gly","Negative"
"p.Asp125Glu","Negative"
"p.Gly128Ser","Negative"
"p.Lys129Glu","Negative"
"p.Gly130Ser","Negative"
"p.Gly131Arg","Negative"
"p.Gly131Glu","Negative"
"p.Asn132Ser","Negative"
"p.Glu134Asp","Negative"
"p.Ser135Arg","Negative"
"p.Thr136Ile","Negative"
"p.Lys137Gln","Negative"
"p.Thr138Ser","Negative"
"p.Asn140Asp","Negative"
"p.Ala141Thr","Negative"
"p.Ser143Asn","Negative"
"p.Arg144Ser","Negative"
"p.Arg144Cys","Negative"
"p.Arg144Gly","Negative"
"p.Arg144His","Negative"
"p.Ala153Val","Negative"
"p.Gln154Arg","Negative"
