hgvs_pro,paper_score,category
A5S,56,abundance
A5V,60.66666667,abundance
A90V,54,abundance
C7S,78,abundance
D77Y,61,abundance
E101G,27,abundance
G142E,28,abundance
G38R,56,abundance
G94A,70,abundance
G94D,51,abundance
H47R,35.8,abundance
I113T,44,abundance
I114F,23,abundance
I114T,42.33333333,abundance
L127S,58.5,abundance
L145F,29,abundance
L85F,81,abundance
N87S,12,abundance
V15G,33,abundance
A5V,50.95833333,activity
C7S,74,activity
D110Y,98,activity
D126H,53,activity
D91V,41,activity
E101G,53.33333333,activity
G139V,46,activity
G38R,60,activity
G42S,69,activity
G73S,55,activity
G94A,62.5,activity
G94D,63,activity
G94R,32,activity
G94S,96,activity
G94V,54,activity
H47R,47,activity
I113T,42,activity
I114T,57.28571429,activity
I150T,53,activity
L118V,91.2,activity
L127S,72,activity
L145F,72.71428571,activity
L39V,65,activity
L85F,88.27272727,activity
N140H,61,activity
N87S,46,activity
A141A,113,duration
A146T,11,duration
A5S,70,duration
A5T,20.21,duration
A5V,12.9,duration
A90T,43.7,duration
A90V,157,duration
C112Y,46.77,duration
C147R,46.5,duration
C58Y,30.5,duration
C7F,12.33,duration
C7G,2.5,duration
C7S,86,duration
C7W,23,duration
D102E,27,duration
D102G,32.2,duration
D102H,3,duration
D102N,36,duration
D110Y,72,duration
D125G,31.5,duration
D126N,24,duration
D12Y,48,duration
D77V,225,duration
D77Y,204,duration
D84G,53.5,duration
D84H,17.4,duration
D91A,125.71,duration
D91N,8,duration
E101G,57.66,duration
E101K,299,duration
E122G,168,duration
E134G,54,duration
E134V,23,duration
E22G,73,duration
E41G,36,duration
F21V,21,duration
G115A,28.75,duration
G11V,12,duration
G128R,7,duration
G128V,10.4,duration
G139E,18,duration
G139V,20,duration
G13R,84,duration
G142A,47,duration
G148D,13.8,duration
G148N,20.5,duration
G148S,8,duration
G17A,78,duration
G17C,56.4,duration
G17H,36,duration
G17S,70,duration
G38R,152.2,duration
G38V,13,duration
G42D,29.4,duration
G42S,12.71,duration
G73C,56.5,duration
G73D,63.45,duration
G73S,13.17,duration
G86R,67.5,duration
G94A,37.5,duration
G94C,67,duration
G94D,30,duration
G94R,63,duration
G94S,93,duration
G94V,104,duration
H121Q,38.84,duration
H121R,34,duration
H44R,15.4,duration
H47R,201,duration
H49E,13,duration
H49R,218.4,duration
H72Y,12,duration
H81R,18,duration
H81Y,12,duration
I105F,250.8,duration
I113M,19.15,duration
I113T,22.62,duration
I114F,68.5,duration
I114T,45.1,duration
I150T,57,duration
I152S,30.5,duration
K4E,81,duration
L107F,18.2,duration
L107V,24.4,duration
L127S,81.33,duration
L145F,130.81,duration
L39R,17.15,duration
L39V,21.58,duration
L85F,55.12,duration
L85V,66,duration
L9Q,8,duration
N140H,39,duration
N140K,10,duration
N66T,25,duration
N87I,41.6,duration
N87K,26,duration
N87S,61.12,duration
P67S,14.05,duration
P67T,58.8,duration
P75S,65,duration
R116G,19.45,duration
S106L,82.75,duration
S135N,39.17,duration
S135T,84,duration
S60S,12,duration
T138R,10.5,duration
V119L,65.67,duration
V119M,57,duration
V120F,30.9,duration
V149G,24,duration
V15G,20,duration
V15M,60.5,duration
V32A,168.4,duration
V48A,11.05,duration
V6L,46,duration
V6M,40,duration
W33G,70,duration
A5T,23,halfLife
A5V,33.25,halfLife
G38R,43,halfLife
G42D,33,halfLife
G86R,25,halfLife
G94A,75.66666667,halfLife
G94C,53,halfLife
H47R,100,halfLife
H49Q,100,halfLife
I114T,67,halfLife
A141A,62.5,onset
A146T,56,onset
A153P,55,onset
A5F,48,onset
A5S,32.33,onset
A5T,45.7,onset
A5V,48.72,onset
A90T,52.13,onset
A90V,50.57,onset
A96T,44.8,onset
C112Y,47.79,onset
C147R,48.5,onset
C58Y,73.1,onset
C7F,51.2,onset
C7G,49.5,onset
C7S,47.83,onset
C7W,67,onset
D102E,55.6,onset
D102G,42.67,onset
D102H,52,onset
D102N,37.25,onset
D110Y,57.67,onset
D125G,60.67,onset
D126N,53.5,onset
D12Y,52.75,onset
D77V,45.92,onset
D77Y,45,onset
D84G,40.5,onset
D84H,57.6,onset
D84N,67,onset
D91A,51.9,onset
D91N,71,onset
E101G,46.28,onset
E101K,35,onset
E122G,70,onset
E134G,34,onset
E134K,62,onset
E134V,46,onset
E22G,47.33,onset
E41G,50,onset
E50K,46.5,onset
F21C,50.71,onset
F21V,38,onset
F46C,63,onset
F46S,57,onset
G115A,35.5,onset
G11A,46,onset
G11R,68,onset
G11V,29.67,onset
G128R,60,onset
G128V,32.7,onset
G13R,52.75,onset
G142A,44.27,onset
G142E,45.67,onset
G148D,44.08,onset
G148N,56.5,onset
G17A,34.88,onset
G17C,51.4,onset
G17S,24,onset
G38R,33.61,onset
G38V,45,onset
G42D,47.08,onset
G42S,46.89,onset
G62R,56,onset
G73C,70,onset
G73D,46.2,onset
G73S,48.27,onset
G86R,53.32,onset
G94A,46.85,onset
G94C,44.67,onset
G94D,44.28,onset
G94R,35,onset
G94S,50.56,onset
G94V,42.11,onset
H121Q,50.76,onset
H121R,26,onset
H44R,48.63,onset
H47R,47.59,onset
H49E,53,onset
H49R,46.1,onset
H72Y,38,onset
H81R,24,onset
H81Y,46.5,onset
I100V,59,onset
I105F,52,onset
I113F,68,onset
I113M,46.49,onset
I113T,55.17,onset
I114F,53,onset
I114T,57.7,onset
I150M,55,onset
I150T,43.67,onset
I150V,42,onset
I152T,48,onset
K4E,54.28,onset
L107F,44.47,onset
L107V,39.14,onset
L118V,37.8,onset
L127S,52.93,onset
L145F,52.08,onset
L145S,43.31,onset
L39R,43.2,onset
L39V,40.63,onset
L68P,36,onset
L85F,41.68,onset
L85V,34,onset
L9Q,43.67,onset
N140D,57,onset
N140H,59.1,onset
N140K,51.67,onset
N20S,46.5,onset
N66S,47.8,onset
N66T,70,onset
N87D,55,onset
N87K,58,onset
N87S,55.18,onset
P67A,52.85,onset
P67S,46.8,onset
P75S,58.5,onset
Q23L,47,onset
Q23R,37.5,onset
R116G,58.88,onset
R70G,57.1,onset
R80S,38,onset
S106L,43.91,onset
S135N,54.1,onset
S135T,53.67,onset
S60S,77,onset
T138A,59.5,onset
T138R,48.5,onset
V119L,35.67,onset
V119M,77.5,onset
V120F,39.4,onset
V149G,44.98,onset
V15G,41,onset
V15M,45.5,onset
V32A,48.6,onset
V48A,52.5,onset
V48F,36,onset
V6L,56.43,onset
V6M,71,onset
V88A,51,onset
V95G,39,onset
W33G,40,onset